ID,LONGDISTANCE,INTERNATIONAL,LOCAL,DROPPED,PAYMETHOD,LOCALBILLTYPE,LONGDISTANCEBILLTYPE,USAGE,RATEPLAN,CHURN,GENDER,STATUS,CHILDREN,ESTINCOME,CAROWNER,AGE
1,23,0,206,0,CC,Budget,Intnl_discount,229,3,T,F,S,1,38000,N,24.393333
6,29,0,45,0,CH,FreeLocal,Standard,75,2,F,M,M,2,29616,N,49.426667
8,24,0,22,0,CC,FreeLocal,Standard,47,3,F,M,M,0,19732.8,N,50.673333
11,26,0,32,1,CC,Budget,Standard,59,1,F,M,S,2,96.33,N,56.473333
17,12,0,46,4,CC,FreeLocal,Standard,58,1,F,M,M,2,53010.8,N,18.84
21,20,0,13,0,CC,Budget,Standard,34,3,F,M,M,0,19749.3,N,60.366667
22,9,0,38,0,CC,Budget,Standard,48,2,F,M,S,1,57626.9,Y,43.906667
24,17,4,49,1,Auto,FreeLocal,Standard,72,2,F,F,M,2,47902,N,26.033333
35,0,0,28,0,CC,FreeLocal,Standard,29,4,T,F,S,0,78851.3,N,48.373333
36,22,0,13,0,Auto,Budget,Standard,36,4,T,F,S,1,17540.7,Y,62.786667
38,26,0,12,0,CC,FreeLocal,Standard,38,4,T,F,M,2,28220.8,N,38.766667
42,13,8,56,0,CC,Budget,Standard,78,2,F,F,M,2,5237.63,N,48.753333
45,11,1,22,0,CC,FreeLocal,Standard,36,2,T,M,S,2,89459.9,N,53.28
48,14,0,25,0,CC,Budget,Standard,40,1,T,F,S,1,13576.5,N,39.426667
52,4,0,91,1,CC,Budget,Standard,96,3,T,F,M,2,67388,N,53.12
53,16,0,81,0,CH,Budget,Standard,98,4,F,F,M,1,57063,Y,52.333333
54,3,0,11,1,CC,Budget,Standard,15,2,T,F,M,2,84166.1,N,54.013333
60,11,0,50,0,CC,FreeLocal,Standard,61,4,T,F,S,1,7737.94,N,42.666667
63,12,0,163,0,CC,Budget,Intnl_discount,175,1,T,F,M,2,59613.1,N,34.32
68,18,0,59,0,CC,FreeLocal,Standard,77,3,T,F,S,2,9559.78,N,51.38
73,26,0,9,0,Auto,FreeLocal,Intnl_discount,35,4,F,F,M,2,83284.1,Y,28.42
77,9,4,111,0,Auto,Budget,Intnl_discount,125,4,T,M,S,0,3601.71,N,49.266667
78,18,0,20,0,CH,FreeLocal,Intnl_discount,39,4,F,F,M,0,72642.6,N,27.646667
79,20,8,13,0,CC,FreeLocal,Standard,43,4,T,F,S,0,98716.3,N,55.66
81,14,8,10,0,CH,FreeLocal,Standard,33,4,T,F,M,2,84789.3,N,50.433333
83,18,0,31,0,Auto,FreeLocal,Intnl_discount,50,4,T,F,M,2,35976.5,Y,48.853333
85,24,0,20,0,CH,FreeLocal,Intnl_discount,44,4,F,F,M,1,77129.1,Y,61.846667
86,15,0,24,0,CH,FreeLocal,Standard,39,3,F,F,M,2,8204.72,N,52.973333
88,2,8,17,0,CC,FreeLocal,Standard,28,4,F,F,M,0,80405.1,N,60.226667
90,16,1,125,0,CC,FreeLocal,Intnl_discount,142,2,T,M,S,0,64136.6,Y,61.106667
92,24,0,73,0,CH,FreeLocal,Standard,97,2,T,F,M,2,45429.7,Y,61.713333
94,9,0,11,0,CC,FreeLocal,Standard,21,1,T,F,S,0,25285.5,N,53.986667
95,20,0,41,1,CC,Budget,Intnl_discount,62,2,F,F,M,2,77551.1,Y,33.6
110,1,0,11,0,CC,Budget,Standard,14,3,T,F,S,2,21021.6,Y,62.753333
111,25,0,179,0,CC,FreeLocal,Standard,206,2,T,M,S,0,74460.7,Y,55.34
120,29,0,52,0,Auto,FreeLocal,Standard,82,2,F,F,M,2,62061.8,Y,45.92
121,27,0,57,0,CC,Budget,Standard,85,3,T,F,M,1,20550.9,Y,22.12
127,22,0,34,0,Auto,Budget,Standard,57,2,T,F,S,2,19131.1,N,56.186667
130,0,0,3,0,CC,Budget,Standard,3,4,F,F,S,2,83073.7,N,39.553333
133,20,1,112,0,Auto,Budget,Intnl_discount,134,1,F,M,M,2,42750.3,Y,50.493333
135,0,0,0,0,Auto,Budget,Intnl_discount,0,2,T,F,S,2,2842.55,N,45.92
136,15,1,12,0,CC,Budget,Standard,29,1,F,M,M,2,22358.1,N,52.626667
140,28,0,161,0,CC,FreeLocal,Intnl_discount,190,2,T,F,S,0,7325.5,N,36.92
142,6,0,58,0,CC,Budget,Standard,64,1,F,M,M,2,28766.9,N,46.84
148,26,0,13,0,CC,FreeLocal,Standard,40,3,F,M,M,2,91272.2,Y,25.033333
158,11,0,15,0,CC,Budget,Standard,26,1,F,M,M,2,1406.05,Y,19.306667
160,22,0,28,0,Auto,Budget,Standard,50,4,F,F,S,0,73228.3,N,62
161,2,0,150,0,Auto,FreeLocal,Standard,152,2,F,F,S,2,76231.9,N,63.806667
166,13,1,36,0,CH,FreeLocal,Standard,51,3,T,M,M,1,64792.3,N,52.146667
169,29,0,8,0,CH,Budget,Intnl_discount,38,1,T,F,S,0,93322.1,Y,40.313333
174,0,3,10,0,CC,Budget,Intnl_discount,14,4,T,M,M,1,63437.3,N,63.653333
178,27,0,23,0,CC,Budget,Standard,51,3,F,M,M,2,49910.7,Y,51.52
180,11,0,25,0,CC,FreeLocal,Standard,37,4,T,M,M,0,76161.4,Y,44.573333
190,10,0,57,0,CC,FreeLocal,Standard,67,1,F,M,M,2,57360.8,Y,53.253333
191,29,0,10,0,CC,FreeLocal,Standard,40,4,T,M,M,0,92414.7,Y,45.513333
192,9,0,62,1,CH,FreeLocal,Standard,72,3,T,M,M,1,60102.7,N,42.14
194,29,0,332,0,CC,Budget,Standard,361,1,F,F,M,2,17888.7,N,55
195,11,0,28,0,CC,FreeLocal,Intnl_discount,40,2,T,F,S,1,12526.3,N,53.553333
198,11,0,95,0,Auto,Budget,Standard,107,1,T,F,S,2,14578.8,Y,60.933333
201,21,0,29,1,CC,FreeLocal,Standard,51,4,T,M,M,0,78572.2,Y,42.346667
206,0,0,22,0,CC,Budget,Standard,22,1,F,F,M,2,87578.2,Y,53.366667
209,20,0,23,0,CC,Budget,Intnl_discount,43,4,F,F,S,2,76791.2,N,61
218,29,0,90,4,Auto,FreeLocal,Intnl_discount,119,3,F,F,M,0,83287,N,45.486667
219,24,6,27,0,Auto,Budget,Standard,58,2,T,M,S,0,2056.06,Y,18.94
221,15,0,70,0,CC,Budget,Intnl_discount,85,4,F,M,M,1,2067.82,N,47.853333
224,6,0,15,0,CC,FreeLocal,Standard,21,2,F,F,M,2,69343.3,N,42.166667
225,0,0,23,2,Auto,Budget,Standard,24,4,F,F,M,0,77000,N,55
229,2,0,9,0,CC,Budget,Intnl_discount,12,4,F,F,S,0,27498.1,N,42
231,26,0,103,0,CC,FreeLocal,Standard,129,1,F,F,M,2,21419.9,N,59.833333
232,5,8,63,0,Auto,FreeLocal,Standard,77,3,F,F,M,2,30665.2,Y,22.88
233,6,0,30,0,Auto,FreeLocal,Intnl_discount,37,2,F,F,M,1,66000,Y,63.353333
234,16,0,113,1,CH,Budget,Standard,129,2,F,F,M,2,50561.3,N,52
236,22,0,41,0,CC,Budget,Intnl_discount,64,3,T,F,S,2,23464,Y,70
237,28,0,38,0,CC,FreeLocal,Standard,67,4,F,F,M,2,194.57,N,42
238,17,0,8,0,CH,FreeLocal,Intnl_discount,26,4,F,F,M,1,98680.4,Y,55
239,13,0,144,0,CC,Budget,Standard,158,3,T,M,M,1,65619.7,Y,46
241,22,0,151,0,Auto,FreeLocal,Intnl_discount,174,2,F,F,S,0,85275,N,47
243,13,0,11,0,Auto,FreeLocal,Standard,25,3,F,F,M,1,98453.6,Y,46
244,25,0,10,0,CC,FreeLocal,Intnl_discount,35,3,F,F,M,2,94026.8,Y,27.746667
246,25,0,252,1,Auto,Budget,Standard,277,2,F,F,S,2,57420,Y,61
254,0,0,10,0,CC,FreeLocal,Standard,10,3,F,F,M,2,18296.4,Y,42.626667
257,22,0,63,0,Auto,FreeLocal,Standard,86,3,F,F,S,1,68000,N,60
261,20,0,37,0,Auto,Budget,Standard,57,3,F,F,S,2,86747.1,N,64.853333
263,21,0,139,0,Auto,Budget,Standard,160,3,F,F,M,1,87404.6,N,63.186667
264,6,4,153,0,CC,FreeLocal,Intnl_discount,164,2,F,M,S,2,20919,N,27.886667
265,19,2,14,1,Auto,Budget,Intnl_discount,35,4,F,F,M,2,85394,Y,20.16
266,2,0,36,1,CC,FreeLocal,Standard,38,3,T,F,S,0,2121.36,N,39.786667
267,7,0,65,0,CH,Budget,Intnl_discount,73,2,F,F,M,2,63566.1,Y,56.3
272,21,0,19,0,CC,FreeLocal,Intnl_discount,41,4,F,F,M,2,82644.2,Y,33.493333
281,29,0,116,3,CH,Budget,Standard,145,2,F,F,M,2,34577.7,N,63.253333
284,10,0,137,0,CC,FreeLocal,Standard,147,4,T,F,S,2,19008.4,Y,52.166667
285,23,0,126,0,Auto,FreeLocal,Standard,150,3,F,F,M,0,98056.3,N,55.966667
286,0,0,2,0,CH,Budget,Standard,2,4,T,M,M,0,73400,Y,64.226667
288,2,1,43,0,CH,Budget,Intnl_discount,46,2,F,M,M,0,78894.2,N,28
289,20,8,80,0,CH,Budget,Intnl_discount,109,1,T,M,S,1,16432.1,Y,20.92
291,14,3,45,0,CC,Budget,Standard,63,3,T,M,S,1,71329.9,Y,42.233333
295,22,7,65,0,CC,FreeLocal,Standard,95,4,T,F,S,0,20913.6,N,53.013333
304,22,7,64,0,CC,FreeLocal,Intnl_discount,94,3,T,M,M,1,75799.9,N,46.38
305,14,0,8,0,CC,Budget,Standard,22,4,T,F,S,2,15688.5,N,53.06
308,16,5,30,0,CC,FreeLocal,Intnl_discount,52,2,T,F,S,0,5185.31,N,62.053333
312,8,0,22,0,CC,FreeLocal,Standard,31,4,F,F,M,2,80087.7,N,41.92
313,21,0,256,0,CC,Budget,Standard,278,2,F,F,M,2,59691.3,N,38.04
315,28,0,113,0,CC,FreeLocal,Standard,141,2,T,F,S,2,11251.1,Y,61
317,7,4,43,0,CC,FreeLocal,Standard,55,4,T,M,M,0,70908.7,N,49.62
318,14,5,73,0,CH,FreeLocal,Standard,93,4,T,M,S,0,94928.3,N,40.18
320,20,2,90,0,Auto,FreeLocal,Standard,112,2,F,F,M,2,50622.3,N,40.46
326,29,0,62,0,CH,Budget,Standard,92,4,T,M,M,0,100020,Y,52.266667
329,17,6,51,0,CC,FreeLocal,Standard,74,2,F,F,M,1,56722.8,N,60.593333
331,0,0,3,0,CC,Budget,Intnl_discount,3,3,T,M,M,1,80000,N,53.213333
332,18,0,104,0,CC,Budget,Standard,123,4,T,F,S,2,3416.62,Y,22.76
333,0,0,10,0,Auto,Budget,Standard,10,2,F,F,M,0,73400,Y,55.633333
334,15,0,25,0,CC,FreeLocal,Standard,40,4,T,M,M,0,120000,Y,53.213333
335,29,0,59,0,CC,FreeLocal,Standard,88,2,F,F,M,2,8032.16,N,45.666667
336,18,0,25,0,Auto,FreeLocal,Standard,44,4,F,F,S,1,93454.3,Y,48.533333
338,0,7,208,0,Auto,Budget,Standard,215,4,F,F,S,0,83287,N,77
339,23,0,51,0,Auto,FreeLocal,Standard,74,3,F,F,S,0,92564.1,Y,49.133333
343,6,0,43,0,CC,FreeLocal,Standard,50,1,F,F,M,2,48322.5,Y,49.333333
346,6,0,46,0,CC,FreeLocal,Standard,53,1,F,F,M,2,81913.8,Y,49.66
349,27,0,93,0,CH,Budget,Standard,120,3,T,F,S,0,919.93,N,38.26
350,7,0,9,1,CC,Budget,Standard,17,1,F,F,M,2,69486.8,N,30.946667
351,0,0,2,0,CH,Budget,Intnl_discount,2,4,F,F,M,2,24482.8,N,33.533333
353,26,0,236,0,CC,Budget,Standard,263,4,F,F,M,0,14573.6,N,64.606667
356,20,0,84,0,CC,FreeLocal,Intnl_discount,104,3,T,F,S,0,17138.2,N,63.786667
358,2,0,164,0,CC,Budget,Intnl_discount,167,1,F,F,M,2,47010.1,N,57.406667
361,6,7,128,1,CC,FreeLocal,Standard,142,2,F,M,M,1,69406.7,Y,30
363,0,0,4,0,CC,Budget,Standard,4,4,F,F,M,2,83259.3,N,50.88
370,7,0,20,1,CH,Budget,Standard,28,1,F,F,M,2,2185.6,N,52.513333
372,21,3,17,0,CC,FreeLocal,Standard,42,2,T,M,M,1,76511.3,N,62.08
374,25,0,8,0,CH,FreeLocal,Standard,34,2,T,F,M,1,6946.07,N,23
375,0,0,112,0,CC,Budget,Standard,113,3,F,F,M,2,11234.7,Y,49.046667
383,27,0,51,0,Auto,FreeLocal,Standard,78,2,F,F,M,2,63670.8,Y,46.146667
384,29,5,35,0,CC,Budget,Standard,70,2,T,M,S,0,83287,N,45.486667
385,20,0,100,0,Auto,Budget,Standard,120,1,F,F,S,1,66000,Y,45.486667
388,19,0,118,0,Auto,FreeLocal,Standard,137,2,F,F,M,1,82931.3,N,64.64
389,17,0,27,0,CH,Budget,Standard,44,2,F,F,M,2,57483.9,N,44.026667
391,10,0,32,0,Auto,FreeLocal,Standard,43,2,T,F,S,2,21274,N,45.526667
392,21,0,192,0,CC,FreeLocal,Standard,214,2,F,F,M,2,28267,N,30.093333
394,8,9,77,0,CH,Budget,Standard,94,2,F,F,M,2,36725.1,N,55.793333
404,17,0,106,0,Auto,FreeLocal,Standard,123,3,T,F,S,1,12374.9,Y,33.493333
405,8,0,37,0,CH,FreeLocal,Standard,46,2,F,F,M,2,69133.9,Y,26.833333
407,11,0,12,0,CH,FreeLocal,Intnl_discount,23,3,F,F,M,2,84948,Y,29.446667
408,2,0,50,0,Auto,Budget,Standard,52,2,F,F,M,2,30998.8,N,40.96
414,9,9,8,0,CC,FreeLocal,Intnl_discount,27,1,F,M,M,2,21416.5,N,35.653333
422,0,0,0,0,Auto,Budget,Standard,0,2,F,F,M,2,38215.9,N,30.886667
423,28,0,160,0,CC,FreeLocal,Standard,176,1,T,F,M,1,13829.4,N,22
424,2,0,24,0,CH,Budget,Intnl_discount,27,3,F,F,M,2,49745.3,N,47.966667
428,3,8,5,0,CC,Budget,Intnl_discount,16,2,F,M,S,0,89142.7,N,33
429,20,0,106,0,Auto,FreeLocal,Intnl_discount,127,2,F,F,S,0,74530.8,N,63.086667
431,30,0,262,0,CC,Budget,Standard,265,3,T,F,S,0,35000,N,23
436,22,0,82,0,CC,Budget,Intnl_discount,104,2,F,F,M,2,76289.2,N,48.206667
438,11,0,5,0,CC,Budget,Standard,17,4,T,M,M,1,66931.9,N,63.933333
439,40,0,99,0,CC,FreeLocal,Standard,108,2,T,F,D,1,9309.57,Y,24
441,27,0,154,0,CC,Budget,Intnl_discount,168,2,T,F,S,0,32962.6,N,19
442,26,0,61,0,CC,Budget,Standard,65,2,T,F,S,0,40000,N,20
443,33,0,35,0,Auto,Budget,Standard,41,3,T,F,S,2,33330,N,21
444,33,0,9,0,Auto,Budget,Intnl_discount,23,1,T,F,S,1,32098,N,22
445,37,2,38,0,CC,FreeLocal,Standard,62,1,T,F,S,2,30090,N,24
450,13,0,96,0,CC,FreeLocal,Standard,110,4,F,F,M,2,90271.6,N,44.926667
455,21,0,6,0,CC,Budget,Standard,27,2,F,F,M,2,64816.6,Y,31.126667
456,29,0,13,0,CC,FreeLocal,Standard,42,1,F,F,M,2,98217.1,N,44.98
458,14,0,88,0,CH,Budget,Intnl_discount,102,1,T,F,S,1,2929.13,N,53.506667
461,11,0,5,0,CC,FreeLocal,Standard,18,1,T,M,M,0,96223.4,Y,64.76
463,14,6,214,0,CC,Budget,Standard,234,2,T,M,M,0,69168.4,Y,62.426667
464,3,0,100,0,CC,Budget,Intnl_discount,113,2,F,M,M,1,92148.5,Y,33
466,8,0,6,0,CC,FreeLocal,Intnl_discount,33,2,F,M,S,0,62705.9,Y,32
468,7,0,43,0,CC,FreeLocal,Standard,56,2,F,M,S,0,84479.2,N,30
469,28,0,17,0,CC,FreeLocal,Standard,45,2,F,F,M,2,64977.4,N,38.193333
470,12,0,89,0,CH,FreeLocal,Standard,102,1,T,F,M,0,77994,N,50.553333
472,12,0,18,0,CC,Budget,Standard,31,1,T,F,M,0,59008.4,Y,30.18
474,5,7,76,0,CH,FreeLocal,Intnl_discount,88,1,T,M,S,1,84978.1,N,21.64
475,21,0,85,0,CC,Budget,Intnl_discount,107,3,F,F,M,2,36647.9,N,49.986667
476,3,0,37,0,CH,Budget,Intnl_discount,40,1,T,F,S,0,64319.2,N,41.226667
477,20,0,9,0,Auto,Budget,Intnl_discount,29,3,F,F,S,1,73338,N,48.246667
479,18,0,8,0,CC,Budget,Standard,27,2,F,F,M,2,16962.2,N,45.36
481,20,4,117,0,CH,Budget,Intnl_discount,142,3,F,M,M,2,10708.3,N,26.026667
484,21,0,87,0,CC,Budget,Standard,109,2,T,F,M,0,2031.61,N,20.3
488,13,0,8,0,CH,FreeLocal,Standard,22,2,F,F,S,2,16938.5,N,55
497,29,0,9,0,CC,Budget,Intnl_discount,38,1,F,M,S,2,72084.7,N,55.64
499,23,0,10,0,Auto,Budget,Intnl_discount,34,2,F,F,S,1,49072,N,47
504,16,0,114,0,CH,Budget,Standard,130,3,T,M,M,1,71472.9,N,41.913333
505,7,0,6,0,CC,Budget,Standard,13,4,F,F,M,0,95405.7,N,42
506,21,0,87,0,CC,Budget,Standard,108,4,F,F,S,0,95786.8,Y,43
510,8,0,13,0,CH,Budget,Standard,21,2,F,F,M,2,56187,N,42
513,23,0,206,0,CC,Budget,Intnl_discount,229,2,T,F,S,1,37000,N,24.393333
518,29,0,45,0,CH,FreeLocal,Standard,75,1,F,M,M,2,29616,N,49.426667
520,24,0,22,0,CC,FreeLocal,Standard,47,2,F,M,M,0,19732.8,N,50.673333
523,26,0,32,1,CC,Budget,Standard,59,4,F,M,S,2,96.33,N,56.473333
526,5,0,23,0,CH,Budget,Intnl_discount,28,1,F,F,M,2,52004.8,N,25.14
529,12,0,46,4,CC,FreeLocal,Standard,58,1,F,M,M,2,53010.8,N,18.84
530,26,0,32,0,CC,Budget,Intnl_discount,58,2,F,M,M,0,75004.5,N,64.8
534,9,0,38,0,CC,Budget,Standard,48,3,F,M,S,1,57626.9,Y,43.906667
536,17,4,49,1,Auto,FreeLocal,Standard,72,4,F,F,M,2,47902,N,26.033333
547,0,0,28,0,CC,FreeLocal,Standard,29,4,T,F,S,0,78851.3,N,48.373333
548,22,0,13,0,Auto,Budget,Standard,36,1,T,F,S,1,17540.7,Y,62.786667
549,28,0,45,0,CH,Budget,Standard,74,4,T,F,M,0,83891.9,Y,61.02
550,26,0,12,0,CC,FreeLocal,Standard,38,4,T,F,M,2,28220.8,N,38.766667
554,13,8,56,0,CC,Budget,Standard,78,1,F,F,M,2,5237.63,N,48.753333
560,14,0,25,0,CC,Budget,Standard,40,4,T,F,S,1,13576.5,N,39.426667
564,4,0,91,1,CC,Budget,Standard,96,3,T,F,M,2,67388,N,53.12
565,16,0,81,0,CH,Budget,Standard,98,4,F,F,M,1,57063,Y,52.333333
566,3,0,11,1,CC,Budget,Standard,15,1,T,F,M,2,84166.1,N,54.013333
572,11,0,50,0,CC,FreeLocal,Standard,61,2,T,F,S,1,7737.94,N,42.666667
573,21,0,293,0,CH,Budget,Standard,314,4,T,M,S,2,100020,N,48
574,0,0,2,0,CC,Budget,Standard,2,3,F,F,M,2,45287.6,Y,29.026667
575,12,0,163,0,CC,Budget,Intnl_discount,175,2,T,F,M,2,59613.1,N,34.32
577,0,0,1,0,CC,FreeLocal,Intnl_discount,1,2,T,F,S,1,16326.7,N,50.613333
580,18,0,59,0,CC,FreeLocal,Standard,77,3,T,F,S,2,9559.78,N,51.38
585,26,0,9,0,Auto,FreeLocal,Intnl_discount,35,3,F,F,M,2,83284.1,Y,28.42
587,23,0,50,0,Auto,FreeLocal,Standard,73,4,F,F,D,1,68427.4,N,42.393333
591,20,8,13,0,CC,FreeLocal,Standard,43,4,T,F,S,0,98716.3,N,55.66
593,14,8,10,0,CH,FreeLocal,Standard,33,4,T,F,S,2,84789.3,N,50.433333
596,16,0,56,0,CC,Budget,Intnl_discount,72,4,F,F,M,0,32703.1,Y,64.92
598,15,0,24,0,CH,FreeLocal,Standard,39,4,F,F,M,2,8204.72,N,52.973333
602,16,1,125,0,CC,FreeLocal,Intnl_discount,142,2,T,M,S,0,64136.6,Y,61.106667
604,24,0,73,0,CH,FreeLocal,Standard,97,3,T,F,M,2,45429.7,Y,61.713333
606,9,0,11,0,CC,FreeLocal,Standard,21,4,T,F,S,0,25285.5,N,53.986667
609,1,0,25,0,CC,FreeLocal,Standard,27,4,F,F,S,0,69350.5,Y,57.42
616,29,9,104,0,CC,Budget,Standard,143,4,T,M,S,2,43634.5,N,21.78
621,16,5,10,0,CC,Budget,Standard,32,4,T,M,S,1,92647.5,N,56.046667
622,3,0,11,0,CC,Budget,Standard,14,2,F,M,S,2,21021.6,Y,62.753333
626,27,0,58,0,Auto,Budget,Standard,86,3,T,F,S,2,28787.4,N,41.666667
633,27,0,57,0,CC,Budget,Standard,85,4,T,F,M,1,20550.9,Y,22.12
639,22,0,34,0,Auto,Budget,Standard,57,1,T,F,S,2,19131.1,N,56.186667
645,20,1,112,0,Auto,Budget,Intnl_discount,134,2,F,M,M,2,42750.3,Y,50.493333
647,0,0,0,0,Auto,Budget,Intnl_discount,0,4,T,F,S,2,2842.55,N,45.92
648,15,1,12,0,CC,Budget,Standard,29,3,F,M,M,2,22358.1,N,52.626667
651,22,0,27,0,CH,Budget,Standard,49,2,F,F,S,2,6440.46,Y,41
652,28,0,161,0,CC,FreeLocal,Intnl_discount,190,2,T,F,S,0,7325.5,N,36.92
654,6,0,58,0,CC,Budget,Standard,64,4,F,M,M,2,28766.9,N,46.84
666,11,9,115,1,CC,FreeLocal,Intnl_discount,137,4,T,M,S,0,69000,Y,52.266667
670,11,0,15,0,CC,Budget,Standard,26,3,F,M,M,2,1406.05,Y,19.306667
672,22,0,28,0,Auto,Budget,Standard,50,2,F,F,S,0,73228.3,N,43
690,27,0,23,0,CC,Budget,Standard,51,1,F,M,M,2,49910.7,Y,51.52
694,23,0,80,0,Auto,Budget,Standard,103,1,T,F,S,1,12686,N,64.8
702,10,0,57,0,CC,FreeLocal,Standard,67,2,F,M,M,2,57360.8,Y,53.253333
704,9,0,62,1,CH,FreeLocal,Standard,72,4,T,M,M,1,60102.7,N,42.14
707,11,0,28,0,CC,FreeLocal,Intnl_discount,40,1,T,F,S,1,12526.3,N,53.553333
715,23,0,168,0,CC,FreeLocal,Standard,191,1,F,F,M,2,48238.8,N,34.706667
721,20,0,23,0,CC,Budget,Intnl_discount,43,1,F,F,S,2,76791.2,N,47
726,4,0,114,1,CH,Budget,Standard,118,3,F,F,M,2,3193.6,N,54.046667
730,29,0,90,4,Auto,FreeLocal,Intnl_discount,119,4,F,F,M,0,83287,N,56.193333
731,24,6,27,0,Auto,Budget,Standard,58,4,T,M,S,1,2056.06,Y,18.94
734,4,7,8,0,CC,Budget,Standard,20,3,T,M,S,0,77000,N,63.353333
737,0,0,23,2,Auto,Budget,Standard,24,2,F,F,M,0,83287,N,44
740,4,0,6,0,CC,Budget,Intnl_discount,11,2,F,F,M,0,14932.5,N,46
741,2,0,9,0,CC,Budget,Intnl_discount,12,4,F,F,S,0,27498.1,N,52.646667
746,16,0,113,1,CH,Budget,Standard,129,2,F,F,M,2,50561.3,N,46
748,22,0,41,0,CC,Budget,Intnl_discount,64,3,T,F,S,2,23464,Y,61
750,17,0,8,0,CH,FreeLocal,Intnl_discount,26,4,F,F,M,1,98680.4,Y,46
751,13,0,144,0,CC,Budget,Standard,158,2,T,M,M,0,65619.7,Y,52.646667
752,10,0,93,0,CC,Budget,Standard,104,4,F,F,M,1,95620.3,Y,47
754,15,0,8,0,CC,FreeLocal,Intnl_discount,24,1,F,F,M,1,66921.4,Y,46
756,25,0,10,0,CC,FreeLocal,Intnl_discount,35,2,F,F,M,2,94026.8,Y,27.746667
759,3,3,26,1,CC,FreeLocal,Standard,34,1,T,M,M,0,66666,N,45.486667
766,0,0,10,0,CC,FreeLocal,Standard,10,4,F,F,M,2,18296.4,Y,42.626667
767,22,0,103,1,CC,FreeLocal,Standard,126,1,T,F,S,0,39461,N,22.226667
773,20,0,37,0,Auto,Budget,Standard,57,4,F,F,S,2,86747.1,N,64.853333
775,21,0,139,0,Auto,Budget,Standard,160,2,F,F,M,1,87404.6,N,63.186667
777,19,2,14,1,Auto,Budget,Intnl_discount,35,2,F,F,M,2,85394,Y,20.16
779,7,0,65,0,CH,Budget,Intnl_discount,73,4,F,F,M,2,63566.1,Y,56.3
784,21,0,19,0,CC,FreeLocal,Intnl_discount,41,2,F,F,M,2,82644.2,Y,33.493333
791,0,0,2,0,CH,FreeLocal,Intnl_discount,2,4,F,F,M,2,809.43,Y,31.913333
792,18,5,20,0,CC,Budget,Standard,43,4,T,M,S,1,76529.8,N,58.28
795,27,0,45,0,Auto,Budget,Standard,73,1,F,F,M,0,66666,N,67
796,10,0,137,0,CC,FreeLocal,Standard,147,4,T,F,S,2,19008.4,Y,52.166667
800,2,1,43,0,CH,Budget,Intnl_discount,46,3,T,M,M,0,78894.2,N,52.74
801,20,8,80,0,CH,Budget,Intnl_discount,109,4,T,M,S,1,16432.1,Y,20.92
803,14,3,45,0,CC,Budget,Standard,63,3,T,M,S,1,71329.9,Y,42.233333
807,22,7,65,0,CC,FreeLocal,Standard,95,1,T,F,S,0,20913.6,N,53.013333
820,16,5,30,0,CC,FreeLocal,Intnl_discount,52,4,T,F,S,0,5185.31,N,62.053333
824,8,0,22,0,CC,FreeLocal,Standard,31,3,F,F,M,2,80087.7,N,41.92
827,28,0,113,0,CC,FreeLocal,Standard,141,4,T,F,S,2,11251.1,Y,52
829,7,4,43,0,CC,FreeLocal,Standard,55,1,T,M,M,1,70908.7,N,49.62
830,14,5,73,0,CC,FreeLocal,Standard,93,1,T,M,S,0,94928.3,N,40.18
838,29,0,62,0,CH,Budget,Standard,92,1,T,M,M,0,65000,Y,52.266667
840,1,0,29,0,CC,Budget,Standard,31,4,F,F,S,2,93559.1,N,57.62
841,17,6,51,0,CC,FreeLocal,Standard,74,4,T,F,M,1,56722.8,N,60.593333
843,0,0,3,0,CC,Budget,Intnl_discount,3,1,T,M,M,1,120000,N,53.213333
844,18,0,104,0,CC,Budget,Standard,123,1,T,F,S,2,3416.62,Y,22.76
845,0,0,10,0,Auto,Budget,Standard,10,3,F,F,M,0,78000,Y,55.633333
847,29,0,59,0,CC,FreeLocal,Standard,88,3,F,F,M,2,8032.16,N,45.666667
848,18,0,25,0,Auto,FreeLocal,Standard,44,2,F,F,D,1,93454.3,Y,48.533333
851,23,0,51,0,Auto,FreeLocal,Standard,74,3,F,F,S,0,92564.1,Y,49.133333
858,6,0,46,0,CC,FreeLocal,Standard,53,3,F,F,M,2,81913.8,Y,49.66
861,27,0,93,0,CH,Budget,Standard,120,4,T,F,S,0,919.93,N,38.26
862,7,0,9,1,CC,Budget,Standard,17,3,F,F,M,2,69486.8,N,30.946667
863,0,0,2,0,CH,Budget,Intnl_discount,2,4,F,F,M,2,24482.8,N,33.533333
868,20,0,84,0,CC,FreeLocal,Intnl_discount,104,2,T,F,S,0,17138.2,N,63.786667
870,2,0,164,0,CC,Budget,Intnl_discount,167,2,F,F,M,2,47010.1,N,57.406667
872,12,0,53,0,Auto,FreeLocal,Intnl_discount,66,1,F,F,S,0,67239.4,N,44.433333
873,6,7,128,1,CC,FreeLocal,Standard,142,2,F,M,M,1,69406.7,Y,38
875,0,0,4,0,CC,Budget,Standard,4,1,F,F,M,2,83259.3,N,50.88
886,25,0,8,0,CH,FreeLocal,Standard,34,4,T,F,M,1,34555,N,23
887,0,0,112,0,CC,Budget,Standard,113,2,F,F,M,2,11234.7,Y,49.046667
891,24,5,60,0,CC,FreeLocal,Standard,90,1,F,F,M,2,68462.8,N,34.4
895,27,0,51,0,Auto,FreeLocal,Standard,78,3,F,F,M,2,63670.8,Y,46.146667
897,20,0,100,0,Auto,Budget,Standard,120,3,F,F,S,1,83287,Y,47
898,2,0,65,0,Auto,FreeLocal,Standard,93,2,F,M,M,0,12387.6,N,56.173333
900,19,0,118,0,Auto,FreeLocal,Standard,137,1,F,F,M,1,82931.3,N,64.64
901,17,0,27,0,CH,Budget,Standard,44,3,F,F,M,2,57483.9,N,44.026667
903,10,0,32,0,Auto,FreeLocal,Standard,43,4,T,F,S,2,21274,N,45.526667
904,21,0,192,0,CC,FreeLocal,Standard,214,2,F,F,M,2,28267,N,30.093333
906,8,9,77,0,CH,Budget,Standard,94,3,F,F,M,2,36725.1,N,55.793333
910,20,0,19,0,CC,Budget,Standard,41,4,T,M,S,1,94188.3,N,57.546667
913,15,0,6,0,CC,Budget,Standard,22,2,F,F,M,2,91861,Y,41.98
916,17,0,106,0,Auto,FreeLocal,Standard,123,1,T,F,S,1,12374.9,Y,33.493333
917,8,0,37,0,CH,FreeLocal,Standard,46,1,T,F,M,2,69133.9,Y,26.833333
919,11,0,12,0,CH,FreeLocal,Intnl_discount,23,3,F,F,M,2,84948,Y,29.446667
926,9,9,8,0,CC,FreeLocal,Intnl_discount,27,2,F,M,D,1,21416.5,N,35.653333
933,27,6,124,2,CH,FreeLocal,Standard,157,2,T,M,M,0,60101.1,Y,63.766667
934,0,0,0,0,Auto,Budget,Standard,0,4,F,F,M,2,38215.9,N,30.886667
935,29,0,160,0,CC,FreeLocal,Standard,176,1,T,F,M,1,13829.4,N,20
936,2,0,24,0,CH,Budget,Intnl_discount,27,2,F,F,M,2,49745.3,N,47.966667
939,1,0,83,0,CC,FreeLocal,Intnl_discount,84,3,F,F,M,2,98003.7,Y,26.273333
940,3,8,5,0,CC,Budget,Intnl_discount,16,4,T,M,S,0,89142.7,N,53.693333
941,20,0,106,0,Auto,FreeLocal,Intnl_discount,127,3,F,F,S,0,74530.8,N,63.086667
943,30,0,262,0,CC,Budget,Standard,265,3,T,F,S,0,40120,N,22
950,11,0,5,0,CC,Budget,Standard,17,3,T,M,M,1,66931.9,N,63.933333
952,26,0,26,0,Auto,FreeLocal,Intnl_discount,48,4,T,F,M,1,40120,N,22
953,27,0,154,0,CC,Budget,Intnl_discount,168,3,T,F,S,0,40120,N,24
954,26,0,61,0,CC,Budget,Standard,65,2,T,F,S,0,40120,N,24
957,37,2,38,0,CC,FreeLocal,Standard,62,2,T,F,S,2,40120,N,22
958,28,0,106,0,CC,Budget,Standard,134,1,T,F,S,1,40120,N,21
967,21,0,6,0,CC,Budget,Standard,27,4,F,F,M,2,64816.6,Y,31.126667
968,29,0,13,0,CC,FreeLocal,Standard,42,4,F,F,M,2,98217.1,N,44.98
972,6,0,132,0,CC,FreeLocal,Standard,139,4,F,F,M,2,41876.6,Y,44.093333
973,11,0,5,0,CC,FreeLocal,Standard,18,3,T,M,M,0,96223.4,Y,64.76
974,3,0,25,1,CC,Budget,Intnl_discount,29,3,T,F,S,0,15989.3,N,61.693333
975,14,6,214,0,CC,Budget,Standard,234,3,T,M,M,0,69168.4,Y,62.426667
976,2,0,100,0,CC,Budget,Intnl_discount,113,2,F,M,M,1,92148.5,Y,38
977,2,7,40,0,CC,Budget,Standard,73,2,F,M,M,0,96681,Y,19.76
978,2,0,6,0,CC,FreeLocal,Intnl_discount,33,2,F,M,S,0,62705.9,Y,39
979,2,0,49,0,Auto,FreeLocal,Standard,50,2,F,M,S,0,80221.2,N,29.026667
980,2,0,43,0,CC,FreeLocal,Standard,56,2,F,M,S,0,84479.2,N,28
981,28,0,17,0,CC,FreeLocal,Standard,45,3,F,F,M,2,64977.4,N,38.193333
982,12,0,89,0,CH,FreeLocal,Standard,102,1,T,F,M,0,77994,N,50.553333
983,12,8,45,0,CC,Budget,Intnl_discount,66,4,F,M,M,2,90103.7,N,34.946667
984,12,0,18,0,CC,Budget,Standard,31,1,T,F,M,0,59008.4,Y,30.18
985,2,5,23,0,Auto,Budget,Intnl_discount,31,3,F,M,M,2,5265.35,N,52.873333
987,21,0,85,0,CC,Budget,Intnl_discount,107,4,F,F,M,2,36647.9,N,49.986667
988,3,0,37,0,CH,Budget,Intnl_discount,40,1,T,F,S,0,64319.2,N,41.226667
989,20,0,9,0,Auto,Budget,Intnl_discount,29,2,F,F,S,1,73338,N,48.246667
990,3,0,40,0,CC,FreeLocal,Standard,44,2,T,F,S,0,433.74,N,60.746667
991,18,0,8,0,CC,Budget,Standard,27,2,F,F,M,2,16962.2,N,45.36
996,21,0,87,0,CC,Budget,Standard,109,1,T,F,M,0,2031.61,N,20.3
1004,28,0,60,0,Auto,FreeLocal,Standard,89,4,F,F,M,1,8073.11,N,46
1005,24,0,5,0,CH,Budget,Standard,29,4,F,M,M,0,95448.6,Y,53.68
1008,0,0,4,2,CC,Budget,Standard,4,2,F,M,S,1,31952,N,34.266667
1009,29,0,9,0,CC,Budget,Intnl_discount,38,2,F,M,S,2,72084.7,N,55.64
1010,13,0,40,0,CC,Budget,Standard,53,4,F,F,S,0,42760.5,N,47
1016,16,0,114,0,CH,Budget,Standard,130,1,T,M,M,1,71472.9,N,41.913333
1017,7,0,6,0,CC,Budget,Standard,13,3,F,F,M,0,95405.7,N,48
1018,21,0,87,0,CC,Budget,Standard,108,1,F,F,S,0,95786.8,Y,52.646667
1020,0,0,11,0,CC,FreeLocal,Intnl_discount,12,3,T,M,S,0,90321.6,N,55.113333
1022,8,0,13,0,CH,Budget,Standard,21,3,F,F,M,2,56187,N,43
1030,29,0,45,0,CH,FreeLocal,Standard,75,4,F,M,M,2,29616,N,49.426667
1032,24,0,22,0,CC,FreeLocal,Standard,47,1,F,M,M,0,19732.8,N,50.673333
1038,5,0,23,0,CH,Budget,Intnl_discount,28,2,F,F,M,2,52004.8,N,25.14
1041,12,0,46,4,CC,FreeLocal,Standard,58,4,F,M,M,2,53010.8,N,18.84
1042,26,0,32,0,CC,Budget,Intnl_discount,58,1,F,M,M,0,75004.5,N,64.8
1045,20,0,13,0,CC,Budget,Standard,34,2,F,M,M,0,19749.3,N,60.366667
1046,9,0,38,0,CC,Budget,Standard,48,1,F,M,S,1,57626.9,Y,43.906667
1047,9,0,6,0,CC,Budget,Intnl_discount,15,1,F,M,M,2,20078,N,32.846667
1048,17,4,49,1,Auto,FreeLocal,Standard,72,3,F,F,M,2,47902,N,26.033333
1059,0,0,28,0,CC,FreeLocal,Standard,29,3,F,F,S,0,78851.3,N,48.373333
1061,28,0,45,0,CH,Budget,Standard,74,4,T,F,M,0,83891.9,Y,61.02
1066,13,8,56,0,CC,Budget,Standard,78,3,F,F,M,2,5237.63,N,48.753333
1069,11,1,22,0,CC,FreeLocal,Standard,36,2,T,M,S,2,89459.9,N,53.28
1072,14,0,25,0,CC,Budget,Standard,40,4,T,F,S,1,13576.5,N,39.426667
1073,20,0,15,1,CC,FreeLocal,Standard,36,4,F,F,S,0,81710.9,N,58.54
1084,11,0,50,0,CC,FreeLocal,Standard,61,4,T,F,S,1,7737.94,N,42.666667
1085,21,0,293,0,CH,Budget,Standard,314,2,T,M,S,2,120000,N,42
1086,0,0,2,0,CC,Budget,Standard,2,2,F,F,M,2,45287.6,Y,29.026667
1087,12,0,163,0,CC,Budget,Intnl_discount,175,4,T,F,M,2,59613.1,N,34.32
1092,18,0,59,0,CC,FreeLocal,Standard,77,2,T,F,S,2,9559.78,N,51.38
1095,20,0,39,0,CH,Budget,Intnl_discount,59,4,F,F,M,2,42031.8,N,50.753333
1098,28,4,13,0,CC,Budget,Intnl_discount,47,4,F,M,M,1,39229.1,N,26.26
1099,23,0,50,0,Auto,FreeLocal,Standard,73,1,F,F,D,1,68427.4,N,42.393333
1101,9,4,111,0,Auto,Budget,Intnl_discount,125,4,T,M,S,0,3601.71,N,49.266667
1103,20,8,13,0,CC,FreeLocal,Standard,43,4,T,F,S,0,98716.3,N,55.66
1104,11,0,47,0,Auto,Budget,Standard,58,4,F,F,S,2,66182.7,Y,62.48
1108,16,0,56,0,CC,Budget,Intnl_discount,72,4,F,F,M,0,32703.1,Y,64.92
1113,11,0,74,0,Auto,FreeLocal,Intnl_discount,86,2,F,F,S,2,38280,N,33.74
1114,16,1,125,0,CC,FreeLocal,Intnl_discount,142,1,T,M,S,0,64136.6,Y,61.106667
1116,24,0,73,0,CH,FreeLocal,Standard,97,2,T,F,M,2,45429.7,Y,61.713333
1132,22,0,40,0,Auto,Budget,Standard,62,1,T,F,S,1,13109.1,N,62.606667
1134,2,0,11,0,CC,Budget,Standard,14,2,F,M,S,2,21021.6,Y,62.753333
1144,29,0,52,0,Auto,FreeLocal,Standard,82,1,F,F,M,2,62061.8,Y,45.92
1145,27,0,57,0,CC,Budget,Standard,85,1,T,F,M,1,20550.9,Y,22.12
1148,3,0,44,0,CC,FreeLocal,Standard,47,4,F,M,M,2,1765.41,N,18.766667
1159,0,0,0,0,Auto,Budget,Intnl_discount,0,4,T,F,S,2,2842.55,N,45.92
1160,15,1,12,0,CC,Budget,Standard,29,3,F,M,M,2,22358.1,N,52.626667
1162,2,1,12,0,CC,FreeLocal,Standard,13,2,F,M,M,0,47870.8,Y,27.26
1163,22,0,27,0,CH,Budget,Standard,49,2,F,F,S,2,6440.46,Y,43
1178,11,9,115,1,Auto,FreeLocal,Intnl_discount,137,1,T,M,S,0,65000,Y,52.266667
1182,11,0,15,0,CC,Budget,Standard,26,1,F,M,M,2,1406.05,Y,19.306667
1184,22,0,28,0,Auto,Budget,Standard,50,3,F,F,S,0,73228.3,N,46
1185,2,0,150,0,Auto,FreeLocal,Standard,152,3,F,F,S,2,76231.9,N,63.806667
1193,29,0,8,0,CH,Budget,Intnl_discount,38,1,T,F,S,0,93322.1,Y,40.313333
1198,0,3,10,0,CC,Budget,Intnl_discount,14,4,T,M,M,1,63437.3,N,63.653333
1202,27,0,23,0,CC,Budget,Standard,51,4,F,M,M,2,49910.7,Y,51.52
1204,11,0,25,0,CC,FreeLocal,Standard,37,3,T,M,M,1,76161.4,Y,44.573333
1206,23,0,80,0,Auto,Budget,Standard,103,4,T,F,S,1,12686,N,64.8
1214,10,0,57,0,CC,FreeLocal,Standard,67,1,F,M,M,2,57360.8,Y,53.253333
1215,29,0,10,0,CC,FreeLocal,Standard,40,1,T,M,M,0,92414.7,Y,45.513333
1218,29,0,332,0,CC,Budget,Standard,361,2,F,F,M,2,17888.7,N,52.646667
1219,11,0,28,0,CC,FreeLocal,Intnl_discount,40,3,T,F,S,1,12526.3,N,53.553333
1222,11,0,95,0,Auto,Budget,Standard,107,1,T,F,S,2,14578.8,Y,60.933333
1225,21,0,29,1,CC,FreeLocal,Standard,51,1,T,M,M,0,78572.2,Y,42.346667
1227,23,0,168,0,CC,FreeLocal,Standard,191,1,F,F,M,2,48238.8,N,34.706667
1233,20,0,23,0,CC,Budget,Intnl_discount,43,3,F,F,S,2,76791.2,N,43
1238,4,0,114,1,CH,Budget,Standard,118,3,F,F,M,2,3193.6,N,54.046667
1243,24,6,27,0,Auto,Budget,Standard,58,3,T,M,D,0,2056.06,Y,18.94
1244,25,0,68,0,CC,FreeLocal,Standard,94,1,F,F,M,2,7776.6,N,35.706667
1246,4,7,8,0,CC,Budget,Standard,20,4,T,M,S,0,78000,N,46
1248,6,0,15,0,CC,FreeLocal,Standard,21,1,F,F,M,2,69343.3,N,42.166667
1249,0,0,23,2,Auto,Budget,Standard,24,3,F,F,M,0,83287,N,42
1252,4,0,6,0,CC,Budget,Intnl_discount,11,3,F,F,M,0,14932.5,N,70
1253,2,0,9,0,CC,Budget,Intnl_discount,12,2,F,F,S,0,27498.1,N,70
1255,26,0,103,0,CC,FreeLocal,Standard,129,4,F,F,M,2,21419.9,N,59.833333
1256,5,8,63,0,Auto,FreeLocal,Standard,77,3,F,F,M,2,30665.2,Y,22.88
1257,6,0,30,0,Auto,FreeLocal,Intnl_discount,37,1,F,F,M,1,68000,Y,44
1260,22,0,41,0,CC,Budget,Intnl_discount,64,3,T,F,S,2,23464,Y,55
1261,28,0,38,0,CC,FreeLocal,Standard,67,4,F,F,M,2,194.57,N,41
1262,17,0,8,0,CH,FreeLocal,Intnl_discount,26,1,F,F,M,1,98680.4,Y,62
1264,10,0,93,0,CC,Budget,Standard,104,3,F,F,M,1,95620.3,Y,41
1265,22,0,151,0,Auto,FreeLocal,Intnl_discount,174,3,F,F,D,1,85275,N,70
1267,13,0,11,0,Auto,FreeLocal,Standard,25,2,F,F,M,1,98453.6,Y,55
1268,25,0,10,0,CC,FreeLocal,Intnl_discount,35,3,F,F,M,2,94026.8,Y,27.746667
1273,17,0,39,0,CC,Budget,Intnl_discount,57,4,F,M,M,2,47639.1,N,61
1276,5,8,25,0,CC,Budget,Intnl_discount,39,1,F,M,M,0,3911.9,N,59
1278,0,0,10,0,CC,FreeLocal,Standard,10,1,F,F,M,2,18296.4,Y,42.626667
1279,22,0,103,1,CC,FreeLocal,Standard,126,2,T,F,S,0,39461,N,22.226667
1280,0,0,0,0,CC,FreeLocal,Standard,0,2,F,F,M,1,71502.5,N,57
1281,22,0,63,0,Auto,FreeLocal,Standard,86,4,F,F,S,1,66000,N,52
1282,0,0,2,0,CC,FreeLocal,Standard,2,2,F,F,M,1,95011.5,N,52
1283,4,7,258,0,CC,Budget,Intnl_discount,270,2,F,M,M,1,47371,Y,54.96
1284,25,0,125,2,CH,FreeLocal,Standard,151,4,F,F,M,2,52957,Y,39.746667
1287,21,0,139,0,Auto,Budget,Standard,160,4,F,F,M,1,87404.6,N,63.186667
1290,2,0,36,1,CC,FreeLocal,Standard,38,1,T,F,S,0,2121.36,N,39.786667
1291,7,0,65,0,CH,Budget,Intnl_discount,73,3,F,F,M,2,63566.1,Y,56.3
1292,10,0,13,0,CC,FreeLocal,Standard,23,2,F,F,M,0,52089.6,N,48
1296,21,0,19,0,CC,FreeLocal,Intnl_discount,41,2,F,F,M,2,82644.2,Y,33.493333
1299,11,0,48,0,CC,Budget,Intnl_discount,59,1,F,F,M,1,38738.3,N,60
1300,11,0,28,0,Auto,Budget,Intnl_discount,40,4,F,F,M,2,60485.5,N,41.666667
1301,17,6,51,0,CC,FreeLocal,Standard,74,4,T,F,M,1,56722.8,N,60.593333
1303,0,0,2,0,CH,FreeLocal,Intnl_discount,2,1,F,F,M,2,809.43,Y,31.913333
1304,18,5,20,0,CC,Budget,Standard,43,2,T,M,S,1,76529.8,N,58.28
1305,29,0,116,3,CH,Budget,Standard,145,2,F,F,M,2,34577.7,N,63.253333
1306,28,0,45,0,CH,Budget,Standard,74,4,T,M,M,0,23000,Y,61.02
1307,27,0,45,0,Auto,Budget,Standard,73,1,F,F,M,0,77000,N,55
1309,23,0,126,0,Auto,FreeLocal,Standard,150,3,F,F,M,0,98056.3,N,55.966667
1310,0,0,2,0,CH,Budget,Standard,2,1,T,M,M,0,73400,Y,53.213333
1311,12,0,83,0,CH,FreeLocal,Standard,96,1,F,F,M,0,53432.2,Y,57
1312,2,1,43,0,CH,Budget,Intnl_discount,46,3,T,M,M,0,78894.2,N,52.74
1313,20,8,80,0,CH,Budget,Intnl_discount,109,3,T,M,S,1,16432.1,Y,20.92
1314,8,4,55,0,CH,Budget,Intnl_discount,68,3,T,M,M,0,62797.9,N,54.446667
1315,14,3,45,0,CC,Budget,Standard,63,1,T,M,S,1,71329.9,Y,42.233333
1316,21,0,25,0,CC,Budget,Standard,46,2,F,F,S,0,91498.9,N,52
1317,9,4,111,0,Auto,Budget,Intnl_discount,125,4,T,M,S,0,3601.71,N,49.266667
1318,19,0,105,0,CH,Budget,Standard,125,1,F,F,S,1,33084.3,Y,50.313333
1319,22,7,65,0,CC,FreeLocal,Standard,95,1,T,F,S,0,20913.6,N,53.013333
1321,29,0,48,0,CC,FreeLocal,Standard,78,1,F,F,S,1,49553.9,Y,48
1322,12,0,7,0,Auto,Budget,Intnl_discount,20,4,T,F,S,1,540.4,Y,39.213333
1327,29,0,114,1,CC,FreeLocal,Standard,143,2,F,F,M,1,88759.5,N,60
1331,19,6,11,0,CC,FreeLocal,Intnl_discount,38,1,T,M,S,0,2805.01,Y,25
1332,16,5,30,0,CC,FreeLocal,Intnl_discount,52,3,T,F,S,0,5185.31,N,62.053333
1334,22,8,75,0,CH,Budget,Intnl_discount,106,2,T,F,S,0,38000,N,22.433333
1336,8,0,22,0,CC,FreeLocal,Standard,31,4,F,F,M,2,80087.7,N,41.92
1339,28,0,113,0,CC,FreeLocal,Standard,141,2,T,F,S,2,11251.1,Y,43
1341,7,4,43,0,CC,FreeLocal,Standard,55,1,T,M,M,0,70908.7,N,49.62
1342,14,5,73,0,CC,FreeLocal,Standard,93,1,T,M,S,0,94928.3,N,40.18
1344,20,2,90,0,Auto,FreeLocal,Standard,112,3,F,F,M,2,50622.3,N,40.46
1346,16,4,18,0,CH,FreeLocal,Intnl_discount,39,2,T,M,M,0,78000,Y,50
1353,17,6,51,0,CC,FreeLocal,Standard,74,4,T,F,M,1,56722.8,N,60.593333
1355,0,0,3,0,CC,Budget,Intnl_discount,3,2,F,M,M,1,80000,N,39
1359,29,0,59,0,CC,FreeLocal,Standard,88,1,F,F,M,2,8032.16,N,45.666667
1360,18,0,25,0,Auto,FreeLocal,Standard,44,1,F,F,S,0,93454.3,Y,48.533333
1362,0,7,208,0,Auto,Budget,Standard,215,1,F,F,S,0,83287,N,60
1363,23,0,51,0,Auto,FreeLocal,Standard,74,1,F,F,S,0,92564.1,Y,49.133333
1365,4,3,82,0,CH,Budget,Intnl_discount,90,3,T,M,S,0,70000,Y,48
1367,6,0,43,0,CC,FreeLocal,Standard,50,2,F,F,M,2,48322.5,Y,49.333333
1369,6,8,184,0,Auto,Budget,Standard,199,2,F,M,S,2,78373.5,N,35.346667
1374,7,0,9,1,CC,Budget,Standard,17,1,F,F,M,2,69486.8,N,30.946667
1375,0,0,2,0,CH,Budget,Intnl_discount,2,1,F,F,M,2,24482.8,N,33.533333
1378,7,0,7,0,CC,Budget,Standard,14,2,F,F,M,2,92103.8,N,52.153333
1379,25,7,54,0,CH,Budget,Intnl_discount,87,3,T,F,S,2,8392.14,Y,36.68
1380,20,0,84,0,CC,FreeLocal,Intnl_discount,104,4,T,F,S,0,17138.2,N,63.786667
1384,12,0,53,0,Auto,FreeLocal,Intnl_discount,66,4,F,F,D,1,67239.4,N,44.433333
1385,6,7,128,1,CC,FreeLocal,Standard,142,4,T,M,M,1,69406.7,Y,46.826667
1387,0,0,4,0,CC,Budget,Standard,4,1,F,F,M,2,83259.3,N,50.88
1399,0,0,112,0,CC,Budget,Standard,113,3,F,F,M,2,11234.7,Y,49.046667
1401,0,0,3,1,CH,Budget,Intnl_discount,3,3,F,F,M,2,36660.9,Y,39.96
1403,24,5,60,0,CC,FreeLocal,Standard,90,4,F,F,M,2,68462.8,N,34.4
1406,10,0,72,0,CC,Budget,Standard,82,3,F,F,M,2,72841.3,N,47.02
1407,27,0,51,0,Auto,FreeLocal,Standard,78,2,F,F,M,2,63670.8,Y,46.146667
1408,29,5,35,0,CC,Budget,Standard,70,3,T,M,S,0,66666,N,77
1409,20,0,100,0,Auto,Budget,Standard,120,2,F,F,S,1,77000,Y,45.486667
1410,2,0,65,0,Auto,FreeLocal,Standard,93,2,F,M,M,0,12387.6,N,56.173333
1413,17,0,27,0,CH,Budget,Standard,44,3,F,F,M,2,57483.9,N,44.026667
1418,8,9,77,0,CH,Budget,Standard,94,3,F,F,M,2,36725.1,N,55.793333
1422,20,0,19,0,CC,Budget,Standard,41,3,T,M,S,1,94188.3,N,57.546667
1428,17,0,106,0,Auto,FreeLocal,Standard,123,1,T,F,S,1,12374.9,Y,33.493333
1429,8,0,37,0,CH,FreeLocal,Standard,46,4,F,F,M,2,69133.9,Y,26.833333
1431,11,0,12,0,CH,FreeLocal,Intnl_discount,23,2,F,F,M,2,84948,Y,29.446667
1432,2,0,50,0,Auto,Budget,Standard,52,1,F,F,M,2,30998.8,N,40.96
1438,9,9,8,0,CC,FreeLocal,Intnl_discount,27,1,F,M,M,2,21416.5,N,35.653333
1445,27,6,124,2,CH,FreeLocal,Standard,157,4,T,M,M,0,60101.1,Y,63.766667
1447,30,0,160,0,CC,FreeLocal,Standard,176,1,T,F,M,1,40120,N,24
1448,2,0,24,0,CH,Budget,Intnl_discount,27,3,F,F,M,2,49745.3,N,47.966667
1451,1,0,83,0,CC,FreeLocal,Intnl_discount,84,1,F,F,M,2,98003.7,Y,26.273333
1453,20,0,106,0,Auto,FreeLocal,Intnl_discount,127,2,F,F,S,0,74530.8,N,63.086667
1455,37,0,262,0,CC,Budget,Standard,265,3,T,F,S,0,40120,N,24
1460,22,0,82,0,CC,Budget,Intnl_discount,104,3,F,F,M,2,76289.2,N,48.206667
1462,11,0,5,0,CC,Budget,Standard,17,3,T,M,M,1,66931.9,N,63.933333
1463,32,0,99,0,CC,FreeLocal,Standard,108,4,T,F,S,0,40120,Y,23
1464,39,0,26,0,Auto,FreeLocal,Intnl_discount,48,3,T,F,M,1,14085.5,N,24
1465,59,0,154,0,CC,Budget,Intnl_discount,168,4,T,F,S,0,32962.6,N,21
1466,43,0,61,0,CC,Budget,Standard,65,4,T,F,S,0,42000,N,22
1467,39,0,35,0,Auto,Budget,Standard,41,1,T,F,S,2,43000,N,20
1468,14,0,9,0,Auto,Budget,Intnl_discount,23,2,F,F,D,1,77726.4,N,56.72
1469,59,2,38,0,CC,FreeLocal,Standard,62,4,T,F,S,2,42000,N,18
1480,29,0,13,0,CC,FreeLocal,Standard,42,4,F,F,M,2,98217.1,N,44.98
1482,14,0,88,0,CH,Budget,Intnl_discount,102,3,T,F,S,1,2929.13,N,53.506667
1484,6,0,132,0,CC,FreeLocal,Standard,139,4,F,F,M,2,41876.6,Y,44.093333
1491,2,0,49,0,Auto,FreeLocal,Standard,50,2,F,M,S,0,80221.2,N,29.026667
1492,1,0,43,0,CC,FreeLocal,Standard,56,2,F,M,S,0,84479.2,N,32
1494,12,0,89,0,CH,FreeLocal,Standard,102,1,T,F,M,0,77994,N,50.553333
1496,12,0,18,0,CC,Budget,Standard,31,1,T,F,M,0,59008.4,Y,30.18
1497,2,5,23,0,Auto,Budget,Intnl_discount,31,4,F,M,M,2,5265.35,N,52.873333
1498,5,7,76,0,CH,FreeLocal,Intnl_discount,88,2,F,M,S,1,84978.1,N,21.64
1499,21,0,85,0,CC,Budget,Intnl_discount,107,1,T,F,M,2,36647.9,N,49.986667
1503,18,0,8,0,CC,Budget,Standard,27,2,F,F,M,2,16962.2,N,45.36
1505,20,4,117,0,CH,Budget,Intnl_discount,142,4,F,M,M,2,10708.3,N,26.026667
1508,21,0,87,0,CC,Budget,Standard,109,3,T,F,M,0,2031.61,N,20.3
1515,0,0,15,0,CC,FreeLocal,Standard,15,3,F,F,M,0,55221,N,47
1516,28,0,60,0,Auto,FreeLocal,Standard,89,3,F,F,M,1,8073.11,N,48
1519,29,0,40,0,CC,Budget,Intnl_discount,70,2,F,M,S,2,63152.6,Y,63.173333
1522,13,0,40,0,CC,Budget,Standard,53,2,F,F,S,0,42760.5,N,52.646667
1523,23,0,10,0,Auto,Budget,Intnl_discount,34,2,F,F,S,1,49072,N,62
1524,16,0,126,0,CC,FreeLocal,Standard,142,4,F,F,M,0,27371.8,Y,41
1529,7,0,6,0,CC,Budget,Standard,13,4,F,F,M,0,95405.7,N,43
1530,21,0,87,0,CC,Budget,Standard,108,4,F,F,S,0,95786.8,Y,46
1532,0,0,11,0,CC,FreeLocal,Intnl_discount,12,3,T,M,S,0,90321.6,N,55.113333
1533,18,0,136,0,CH,FreeLocal,Standard,154,2,T,M,S,0,90478.6,N,54.553333
1534,8,0,13,0,CH,Budget,Standard,21,1,F,F,M,2,56187,N,55
1537,23,0,206,0,CC,Budget,Intnl_discount,229,2,T,F,S,1,42000,N,24.393333
1542,29,0,45,0,CH,FreeLocal,Standard,75,1,F,M,M,2,29616,N,49.426667
1547,26,0,32,1,CC,Budget,Standard,59,4,F,M,S,2,96.33,N,56.473333
1553,12,0,46,4,CC,FreeLocal,Standard,58,1,F,M,M,2,53010.8,N,18.84
1559,9,0,6,0,CC,Budget,Intnl_discount,15,2,F,M,D,0,20078,N,32.846667
1560,17,4,49,1,Auto,FreeLocal,Standard,72,2,F,F,M,2,47902,N,26.033333
1572,22,0,13,0,Auto,Budget,Standard,36,4,T,F,S,1,17540.7,Y,62.786667
1573,28,0,45,0,CH,Budget,Standard,74,4,T,F,M,0,83891.9,Y,61.02
1574,26,0,12,0,CC,FreeLocal,Standard,38,4,T,F,S,2,28220.8,N,38.766667
1581,11,1,22,0,CC,FreeLocal,Standard,36,2,T,M,S,2,89459.9,N,53.28
1584,14,0,25,0,CC,Budget,Standard,40,3,T,F,S,1,13576.5,N,39.426667
1589,16,0,81,0,CH,Budget,Standard,98,4,F,F,M,1,57063,Y,52.333333
1596,11,0,50,0,CC,FreeLocal,Standard,61,3,T,F,S,1,7737.94,N,42.666667
1597,21,0,293,0,CH,Budget,Standard,314,1,T,M,S,2,65000,N,45
1598,0,0,2,0,CC,Budget,Standard,2,3,F,F,M,2,45287.6,Y,29.026667
1599,12,0,163,0,CC,Budget,Intnl_discount,175,1,T,F,M,2,59613.1,N,34.32
1601,0,0,1,0,CC,FreeLocal,Intnl_discount,1,3,T,F,S,1,16326.7,N,50.613333
1604,18,0,59,0,CC,FreeLocal,Standard,77,2,T,F,S,2,9559.78,N,51.38
1610,28,4,13,0,CC,Budget,Intnl_discount,47,4,F,M,M,1,39229.1,N,26.26
1615,20,8,13,0,CC,FreeLocal,Standard,43,4,T,F,S,0,98716.3,N,55.66
1616,11,0,47,0,Auto,Budget,Standard,58,2,F,F,S,2,66182.7,Y,62.48
1619,18,0,31,0,Auto,FreeLocal,Intnl_discount,50,4,T,F,M,2,35976.5,Y,48.853333
1620,16,0,56,0,CC,Budget,Intnl_discount,72,4,F,F,M,0,32703.1,Y,64.92
1622,15,0,24,0,CH,FreeLocal,Standard,39,1,F,F,M,2,8204.72,N,52.973333
1623,8,9,45,0,Auto,FreeLocal,Standard,63,2,F,M,M,1,97180.4,N,33
1626,16,1,125,0,CC,FreeLocal,Intnl_discount,142,1,T,M,S,0,64136.6,Y,61.106667
1628,24,0,73,0,CH,FreeLocal,Standard,97,3,T,F,M,2,45429.7,Y,61.713333
1630,9,0,11,0,CC,FreeLocal,Standard,21,2,T,F,S,0,25285.5,N,53.986667
1640,29,9,104,0,CC,Budget,Standard,143,3,T,M,S,2,43634.5,N,21.78
1644,22,0,40,0,Auto,Budget,Standard,62,2,T,F,S,1,13109.1,N,62.606667
1645,16,5,10,0,CC,Budget,Standard,32,4,T,M,S,1,92647.5,N,56.046667
1646,2,0,11,0,CC,Budget,Standard,14,2,F,M,S,2,21021.6,Y,62.753333
1647,25,0,179,0,CC,FreeLocal,Standard,206,2,T,M,S,0,74460.7,Y,55.34
1650,27,0,58,0,Auto,Budget,Standard,86,1,T,F,S,2,28787.4,N,41.666667
1656,29,0,52,0,Auto,FreeLocal,Standard,82,2,F,F,M,2,62061.8,Y,45.92
1657,27,0,57,0,CC,Budget,Standard,85,4,T,F,M,1,20550.9,Y,22.12
1663,22,0,34,0,Auto,Budget,Standard,57,4,T,F,S,2,19131.1,N,56.186667
1669,20,1,112,0,Auto,Budget,Intnl_discount,134,1,F,M,M,2,42750.3,Y,50.493333
1671,0,0,0,0,Auto,Budget,Intnl_discount,0,3,T,F,S,2,2842.55,N,45.92
1672,15,1,12,0,CC,Budget,Standard,29,1,F,M,M,2,22358.1,N,52.626667
1674,7,1,12,0,CC,FreeLocal,Standard,13,2,F,M,M,0,47870.8,Y,27.26
1675,22,0,27,0,CH,Budget,Standard,49,4,F,F,S,2,6440.46,Y,70
1676,28,0,161,0,CC,FreeLocal,Intnl_discount,190,2,T,F,S,0,7325.5,N,36.92
1677,8,0,39,0,CC,Budget,Standard,47,2,F,M,M,1,63900.9,N,28.333333
1678,6,0,58,0,CC,Budget,Standard,64,3,F,M,M,2,28766.9,N,46.84
1690,11,9,115,1,CH,FreeLocal,Intnl_discount,137,1,T,M,S,0,69000,Y,42
1694,11,0,15,0,CC,Budget,Standard,26,2,F,M,M,2,1406.05,Y,19.306667
1696,22,0,28,0,Auto,Budget,Standard,50,3,F,F,S,0,73228.3,N,61
1697,2,0,150,0,Auto,FreeLocal,Standard,152,3,F,F,S,2,76231.9,N,63.806667
1710,0,3,10,0,CC,Budget,Intnl_discount,14,4,T,M,M,1,63437.3,N,63.653333
1714,27,0,23,0,CC,Budget,Standard,51,4,F,M,M,2,49910.7,Y,51.52
1716,11,0,25,0,CC,FreeLocal,Standard,37,3,T,M,M,0,76161.4,Y,44.573333
1728,9,0,62,1,CH,FreeLocal,Standard,72,4,T,M,M,0,60102.7,N,42.14
1730,29,0,332,0,CC,Budget,Standard,361,4,F,F,M,2,17888.7,N,43
1731,11,0,28,0,CC,FreeLocal,Intnl_discount,40,2,T,F,S,1,12526.3,N,53.553333
1734,11,0,95,0,Auto,Budget,Standard,107,2,T,F,S,2,14578.8,Y,60.933333
1737,21,0,29,1,CC,FreeLocal,Standard,51,2,T,M,M,0,78572.2,Y,42.346667
1739,23,0,168,0,CC,FreeLocal,Standard,191,1,F,F,M,2,48238.8,N,34.706667
1742,0,0,22,0,CC,Budget,Standard,22,2,F,F,M,2,87578.2,Y,53.366667
1754,29,0,90,4,Auto,FreeLocal,Intnl_discount,119,3,F,F,M,0,83287,N,67
1755,24,6,27,0,Auto,Budget,Standard,58,2,T,M,S,0,2056.06,Y,18.94
1756,25,0,68,0,CC,FreeLocal,Standard,94,4,F,F,M,2,7776.6,N,35.706667
1758,4,7,8,0,CC,Budget,Standard,20,4,T,M,S,0,68000,N,63.353333
1760,6,0,15,0,CC,FreeLocal,Standard,21,4,T,M,M,0,69343.3,N,42.166667
1765,2,0,9,0,CC,Budget,Intnl_discount,12,1,F,F,S,0,27498.1,N,43
1767,26,0,103,0,CC,FreeLocal,Standard,129,1,F,M,M,2,21419.9,N,59.833333
1768,5,8,63,0,Auto,FreeLocal,Standard,77,4,F,M,M,2,30665.2,Y,22.88
1772,22,0,41,0,CC,Budget,Intnl_discount,64,1,T,F,S,2,23464,Y,52
1773,28,0,38,0,CC,FreeLocal,Standard,67,2,F,F,M,2,194.57,N,70
1774,17,0,8,0,CH,FreeLocal,Intnl_discount,26,2,F,F,M,1,98680.4,Y,70
1775,13,0,144,0,CC,Budget,Standard,158,1,T,M,M,0,65619.7,Y,52
1778,15,0,8,0,CC,FreeLocal,Intnl_discount,24,4,F,F,M,1,66921.4,Y,52.646667
1779,13,0,11,0,Auto,FreeLocal,Standard,25,1,F,F,M,1,98453.6,Y,62
1780,25,0,10,0,CC,FreeLocal,Intnl_discount,35,4,F,F,M,2,94026.8,Y,27.746667
1785,17,0,39,0,CC,Budget,Intnl_discount,57,1,F,M,M,2,47639.1,N,43
1788,5,8,25,0,CC,Budget,Intnl_discount,39,2,F,M,M,0,3911.9,N,38.413333
1790,0,0,10,0,CC,FreeLocal,Standard,10,3,F,F,M,2,18296.4,Y,42.626667
1796,25,0,125,2,CH,FreeLocal,Standard,151,4,F,F,M,2,52957,Y,39.746667
1797,20,0,37,0,Auto,Budget,Standard,57,1,F,F,S,2,86747.1,N,64.853333
1799,21,0,139,0,Auto,Budget,Standard,160,4,F,F,M,1,87404.6,N,63.186667
1801,19,2,14,1,Auto,Budget,Intnl_discount,35,1,F,F,M,2,85394,Y,20.16
1802,2,0,36,1,CC,FreeLocal,Standard,38,4,T,F,S,0,2121.36,N,39.786667
1803,7,0,65,0,CH,Budget,Intnl_discount,73,3,F,F,M,2,63566.1,Y,56.3
1808,21,0,19,0,CC,FreeLocal,Intnl_discount,41,4,F,F,M,2,82644.2,Y,33.493333
1815,0,0,2,0,CH,FreeLocal,Intnl_discount,2,3,F,F,M,2,809.43,Y,31.913333
1816,18,5,20,0,CC,Budget,Standard,43,1,T,M,S,1,76529.8,N,58.28
1817,29,0,116,3,CH,Budget,Standard,145,3,F,F,M,2,34577.7,N,63.253333
1820,10,0,137,0,CC,FreeLocal,Standard,147,2,T,F,S,2,19008.4,Y,52.166667
1821,23,0,126,0,Auto,FreeLocal,Standard,150,4,F,F,M,0,98056.3,N,55.966667
1824,2,1,43,0,CH,Budget,Intnl_discount,46,2,F,M,M,0,78894.2,N,34
1827,14,3,45,0,CC,Budget,Standard,63,4,F,M,S,1,71329.9,Y,42.233333
1840,22,7,64,0,CC,FreeLocal,Intnl_discount,94,2,T,M,M,1,75799.9,N,46.38
1841,14,0,8,0,CC,Budget,Standard,22,3,T,F,S,2,15688.5,N,53.06
1844,16,5,30,0,CC,FreeLocal,Intnl_discount,52,1,T,F,S,0,5185.31,N,62.053333
1846,22,8,75,0,CH,Budget,Intnl_discount,106,4,T,F,S,0,37000,N,22.433333
1849,21,0,256,0,CC,Budget,Standard,278,3,F,F,M,2,59691.3,N,38.04
1851,28,0,113,0,CC,FreeLocal,Standard,141,4,T,F,S,2,11251.1,Y,47
1854,14,5,73,0,CH,FreeLocal,Standard,93,1,T,M,S,0,94928.3,N,40.18
1856,20,2,90,0,Auto,FreeLocal,Standard,112,1,F,F,M,2,50622.3,N,40.46
1863,7,8,71,0,CH,Budget,Intnl_discount,87,2,F,M,S,1,37626,N,33.866667
1865,17,6,51,0,CC,FreeLocal,Standard,74,4,T,F,M,1,56722.8,N,60.593333
1867,0,0,3,0,CC,Budget,Intnl_discount,3,3,T,M,M,1,120000,N,64.226667
1868,18,0,104,0,CC,Budget,Standard,123,2,T,F,S,2,3416.62,Y,22.76
1869,0,0,10,0,Auto,Budget,Standard,10,3,F,F,M,0,73069.1,Y,55.633333
1870,15,0,25,0,CC,FreeLocal,Standard,40,3,T,M,M,1,80000,Y,53.213333
1871,29,0,59,0,CC,FreeLocal,Standard,88,1,F,F,M,2,8032.16,N,45.666667
1872,18,0,25,0,Auto,FreeLocal,Standard,44,4,F,F,D,1,93454.3,Y,48.533333
1875,23,0,51,0,Auto,FreeLocal,Standard,74,3,F,F,S,0,92564.1,Y,49.133333
1882,6,0,46,0,CC,FreeLocal,Standard,53,3,F,F,M,2,81913.8,Y,49.66
1890,7,0,7,0,CC,Budget,Standard,14,1,F,F,M,2,92103.8,N,52.153333
1891,25,7,54,0,CH,Budget,Intnl_discount,87,1,T,F,S,2,8392.14,Y,36.68
1896,12,0,53,0,Auto,FreeLocal,Intnl_discount,66,1,F,F,S,0,67239.4,N,44.433333
1899,0,0,4,0,CC,Budget,Standard,4,2,F,F,M,2,83259.3,N,50.88
1908,21,3,17,0,CC,FreeLocal,Standard,42,2,T,M,M,1,76511.3,N,62.08
1910,43,0,8,0,CH,FreeLocal,Standard,34,1,T,F,M,1,6946.07,N,20
1911,0,0,112,0,CC,Budget,Standard,113,4,F,F,M,2,11234.7,Y,49.046667
1913,0,0,3,1,CH,Budget,Intnl_discount,3,2,F,F,M,2,36660.9,Y,39.96
1915,24,5,60,0,CC,FreeLocal,Standard,90,1,F,F,M,2,68462.8,N,34.4
1918,10,0,72,0,CC,Budget,Standard,82,1,F,F,M,2,72841.3,N,47.02
1919,27,0,51,0,Auto,FreeLocal,Standard,78,1,T,M,M,1,63670.8,Y,46.146667
1922,3,0,65,0,Auto,FreeLocal,Standard,93,2,F,M,M,0,12387.6,N,56.173333
1925,17,0,27,0,CH,Budget,Standard,44,2,F,F,M,2,57483.9,N,44.026667
1927,10,0,32,0,Auto,FreeLocal,Standard,43,2,T,F,S,2,21274,N,45.526667
1928,21,0,192,0,CC,FreeLocal,Standard,214,4,F,F,M,2,28267,N,30.093333
1930,8,9,77,0,CH,Budget,Standard,94,4,F,F,M,2,36725.1,N,55.793333
1934,20,0,19,0,CC,Budget,Standard,41,3,T,M,S,1,94188.3,N,57.546667
1937,15,0,6,0,CC,Budget,Standard,22,1,F,F,M,2,91861,Y,41.98
1940,17,0,106,0,Auto,FreeLocal,Standard,123,4,T,F,S,1,12374.9,Y,33.493333
1941,8,0,37,0,CH,FreeLocal,Standard,46,1,T,F,M,2,69133.9,Y,26.833333
1943,11,0,12,0,CH,FreeLocal,Intnl_discount,23,1,F,F,M,2,84948,Y,29.446667
1958,0,0,0,0,Auto,Budget,Standard,0,4,F,F,M,2,38215.9,N,30.886667
1960,2,0,24,0,CH,Budget,Intnl_discount,27,2,F,F,M,2,49745.3,N,47.966667
1964,3,8,5,0,CC,Budget,Intnl_discount,16,1,T,M,S,0,89142.7,N,53.693333
1965,20,0,106,0,Auto,FreeLocal,Intnl_discount,127,3,F,F,S,0,74530.8,N,63.086667
1967,45,0,262,0,CC,Budget,Standard,265,1,T,F,S,0,30000,N,23
1974,11,0,5,0,CC,Budget,Standard,17,4,T,M,M,1,66931.9,N,63.933333
1975,8,0,99,0,CC,FreeLocal,Standard,108,3,F,M,M,2,9309.57,Y,25.44
1977,45,0,154,0,CC,Budget,Intnl_discount,168,3,T,F,S,0,32962.6,N,24
1979,28,0,35,0,Auto,Budget,Standard,41,1,T,F,S,2,39000,N,22
1981,25,2,38,0,CC,FreeLocal,Standard,62,3,T,F,S,2,42000,N,19
1986,13,0,96,0,CC,FreeLocal,Standard,110,2,F,F,M,2,90271.6,N,44.926667
1996,6,0,132,0,CC,FreeLocal,Standard,139,3,F,F,M,2,41876.6,Y,44.093333
1997,11,0,5,0,CC,FreeLocal,Standard,18,1,T,M,M,0,96223.4,Y,64.76
1998,3,0,25,1,CC,Budget,Intnl_discount,29,1,T,F,S,0,15989.3,N,61.693333
1999,14,6,214,0,CC,Budget,Standard,234,3,T,M,M,0,69168.4,Y,62.426667
2000,7,0,100,0,CC,Budget,Intnl_discount,113,2,F,M,M,1,92148.5,Y,30
2002,9,0,6,0,CC,FreeLocal,Intnl_discount,33,2,F,M,S,0,62705.9,Y,38
2003,7,0,49,0,Auto,FreeLocal,Standard,50,2,F,M,S,0,80221.2,N,29.026667
2004,2,0,43,0,CC,FreeLocal,Standard,56,2,F,M,S,0,84479.2,N,39
2007,12,8,45,0,CC,Budget,Intnl_discount,66,2,F,M,M,2,90103.7,N,34.946667
2008,12,0,18,0,CC,Budget,Standard,31,1,T,F,M,0,59008.4,Y,30.18
2010,5,7,76,0,CH,FreeLocal,Intnl_discount,88,1,T,M,S,1,84978.1,N,21.64
2011,21,0,85,0,CC,Budget,Intnl_discount,107,4,F,F,M,2,36647.9,N,49.986667
2012,3,0,37,0,CH,Budget,Intnl_discount,40,1,T,F,S,0,64319.2,N,41.226667
2013,20,0,9,0,Auto,Budget,Intnl_discount,29,2,F,F,S,1,73338,N,48.246667
2014,3,0,40,0,CC,FreeLocal,Standard,44,4,T,F,S,0,433.74,N,60.746667
2015,18,0,8,0,CC,Budget,Standard,27,2,F,F,M,2,16962.2,N,45.36
2017,20,4,117,0,CH,Budget,Intnl_discount,142,4,F,M,M,2,10708.3,N,26.026667
2020,21,0,87,0,CC,Budget,Standard,109,4,T,F,M,0,2031.61,N,20.3
2027,0,0,15,0,CC,FreeLocal,Standard,15,1,F,F,M,0,55221,N,61
2028,28,0,60,0,Auto,FreeLocal,Standard,89,4,F,F,M,1,8073.11,N,55
2029,24,0,5,0,CH,Budget,Standard,29,4,F,M,M,0,95448.6,Y,53.68
2031,29,0,40,0,CC,Budget,Intnl_discount,70,2,F,M,S,2,63152.6,Y,63.173333
2032,0,0,4,2,CC,Budget,Standard,4,2,F,M,S,1,31952,N,34.266667
2033,29,0,9,0,CC,Budget,Intnl_discount,38,2,F,M,S,2,72084.7,N,55.64
2034,13,0,40,0,CC,Budget,Standard,53,1,F,F,S,0,42760.5,N,52
2036,16,0,126,0,CC,FreeLocal,Standard,142,2,F,F,M,0,27371.8,Y,43
2040,16,0,114,0,CH,Budget,Standard,130,2,T,M,M,1,71472.9,N,41.913333
2042,21,0,87,0,CC,Budget,Standard,108,4,F,F,S,0,95786.8,Y,52
2044,0,0,11,0,CH,FreeLocal,Intnl_discount,12,1,T,M,S,0,90321.6,N,55.113333
2045,18,0,136,0,CC,FreeLocal,Standard,154,1,T,M,D,1,90478.6,N,54.553333
2046,8,0,13,0,CH,Budget,Standard,21,2,F,F,M,2,56187,N,46
2060,20,0,13,0,CC,Budget,Standard,34,1,F,M,M,0,19749.3,N,60.366667
2062,9,0,6,0,CC,Budget,Intnl_discount,15,4,F,M,M,2,20078,N,32.846667
2063,17,4,49,1,Auto,FreeLocal,Standard,72,3,F,F,M,2,47902,N,26.033333
2071,14,0,25,0,CC,Budget,Standard,40,3,T,F,S,1,13576.5,N,39.426667
2073,20,0,39,0,CH,Budget,Intnl_discount,59,2,F,F,M,2,42031.8,N,50.753333
2078,29,9,104,0,CC,Budget,Standard,143,4,T,M,S,2,43634.5,N,21.78
2082,22,0,40,0,Auto,Budget,Standard,62,3,T,F,S,1,13109.1,N,62.606667
2084,3,0,11,0,CC,Budget,Standard,14,2,F,M,S,2,21021.6,Y,62.753333
2085,25,0,179,0,CC,FreeLocal,Standard,206,3,T,M,S,0,74460.7,Y,55.34
2087,27,0,58,0,Auto,Budget,Standard,86,3,T,F,S,2,28787.4,N,41.666667
2090,22,0,20,0,CC,Budget,Intnl_discount,43,1,F,M,M,1,13091.6,N,59.126667
2093,29,0,52,0,Auto,FreeLocal,Standard,82,1,F,F,M,2,62061.8,Y,45.92
2094,27,0,57,0,CC,Budget,Standard,85,3,T,F,M,1,20550.9,Y,22.12
2101,0,1,12,0,CC,FreeLocal,Standard,13,2,F,M,M,0,47870.8,Y,27.26
2109,26,0,13,0,CC,FreeLocal,Standard,40,3,F,M,M,2,91272.2,Y,25.033333
2114,22,0,28,0,Auto,Budget,Standard,50,2,F,F,S,0,73228.3,N,52.646667
2117,13,1,36,0,CH,FreeLocal,Standard,51,2,T,M,M,1,64792.3,N,52.146667
2131,10,0,57,0,CC,FreeLocal,Standard,67,4,F,M,M,2,57360.8,Y,53.253333
2134,11,0,95,0,Auto,Budget,Standard,107,1,T,F,S,2,14578.8,Y,60.933333
2135,0,0,22,0,CC,Budget,Standard,22,2,F,F,M,2,87578.2,Y,53.366667
2141,15,0,70,0,CC,Budget,Intnl_discount,85,1,F,M,M,1,2067.82,N,47.853333
2144,5,8,63,0,Auto,FreeLocal,Standard,77,1,F,M,M,2,30665.2,Y,22.88
2145,6,0,30,0,Auto,FreeLocal,Intnl_discount,37,1,F,F,M,1,83287,Y,47
2146,17,0,8,0,CH,FreeLocal,Intnl_discount,26,4,F,F,M,1,98680.4,Y,42
2148,10,0,93,0,CC,Budget,Standard,104,1,F,F,M,1,95620.3,Y,43
2149,22,0,151,0,Auto,FreeLocal,Intnl_discount,174,1,F,F,S,0,85275,N,47
2150,15,0,8,0,CC,FreeLocal,Intnl_discount,24,1,F,F,M,1,66921.4,Y,62
2155,17,0,39,0,CC,Budget,Intnl_discount,57,1,F,M,M,2,47639.1,N,48
2158,22,0,103,1,CC,FreeLocal,Standard,126,4,T,F,S,0,39461,N,22.226667
2159,4,7,258,0,CC,Budget,Intnl_discount,270,4,F,M,M,1,47371,Y,54.96
2162,20,8,80,0,CH,Budget,Intnl_discount,109,2,T,M,S,1,16432.1,Y,20.92
2165,12,0,7,0,Auto,Budget,Intnl_discount,20,2,T,F,S,1,540.4,Y,39.213333
2167,8,0,22,0,CC,FreeLocal,Standard,31,2,F,F,M,2,80087.7,N,41.92
2168,21,0,256,0,CC,Budget,Standard,278,2,F,F,M,2,59691.3,N,38.04
2169,28,0,113,0,CC,FreeLocal,Standard,141,4,T,F,S,2,11251.1,Y,52.646667
2173,1,0,29,0,CC,Budget,Standard,31,4,F,F,S,2,93559.1,N,57.62
2174,18,0,104,0,CC,Budget,Standard,123,2,T,F,S,2,3416.62,Y,22.76
2175,18,0,25,0,Auto,FreeLocal,Standard,44,1,F,F,S,0,93454.3,Y,48.533333
2181,1,0,116,0,Auto,Budget,Standard,117,2,F,M,S,2,60095.2,Y,23.313333
2182,33,0,8,0,CH,FreeLocal,Standard,34,3,T,F,M,1,6946.07,N,20
2183,0,0,112,0,CC,Budget,Standard,113,1,F,F,M,2,11234.7,Y,49.046667
2184,0,0,65,0,Auto,FreeLocal,Standard,93,2,F,M,M,0,12387.6,N,56.173333
2185,19,0,118,0,Auto,FreeLocal,Standard,137,4,F,F,M,1,82931.3,N,64.64
2186,17,0,27,0,CH,Budget,Standard,44,3,F,F,M,2,57483.9,N,44.026667
2188,10,0,32,0,Auto,FreeLocal,Standard,43,1,T,F,S,2,21274,N,45.526667
2189,21,0,192,0,CC,FreeLocal,Standard,214,4,F,F,M,2,28267,N,30.093333
2191,8,9,77,0,CH,Budget,Standard,94,4,F,F,M,2,36725.1,N,55.793333
2195,20,0,19,0,CC,Budget,Standard,41,4,T,M,S,1,94188.3,N,57.546667
2198,15,0,6,0,CC,Budget,Standard,22,4,F,F,M,2,91861,Y,41.98
2201,17,0,106,0,Auto,FreeLocal,Standard,123,3,T,F,S,1,12374.9,Y,33.493333
2202,8,0,37,0,CH,FreeLocal,Standard,46,1,T,F,M,2,69133.9,Y,26.833333
2205,2,0,50,0,Auto,Budget,Standard,52,1,F,F,M,2,30998.8,N,40.96
2211,9,9,8,0,CC,FreeLocal,Intnl_discount,27,4,F,M,M,2,21416.5,N,35.653333
2216,0,0,0,0,Auto,Budget,Standard,0,4,F,F,M,2,38215.9,N,30.886667
2217,35,0,160,0,CC,FreeLocal,Standard,176,1,T,F,M,1,13829.4,N,21
2218,2,0,24,0,CH,Budget,Intnl_discount,27,4,F,F,M,2,49745.3,N,47.966667
2221,1,0,83,0,CC,FreeLocal,Intnl_discount,84,4,F,F,M,2,98003.7,Y,26.273333
2222,3,8,5,0,CC,Budget,Intnl_discount,16,3,T,M,S,0,89142.7,N,53.693333
2223,20,0,106,0,Auto,FreeLocal,Intnl_discount,127,4,F,F,S,0,74530.8,N,63.086667
2225,39,0,262,0,CC,Budget,Standard,265,3,T,F,S,0,38000,N,24
2230,22,0,82,0,CC,Budget,Intnl_discount,104,4,F,F,M,2,76289.2,N,48.206667
2232,11,0,5,0,CC,Budget,Standard,17,1,T,M,M,1,66931.9,N,63.933333
2233,8,0,99,0,CC,FreeLocal,Standard,108,1,F,M,M,2,9309.57,Y,25.44
2234,59,0,26,0,Auto,FreeLocal,Intnl_discount,48,1,T,F,M,1,32962.6,N,23
2236,42,0,61,0,CC,Budget,Standard,65,3,T,F,S,0,43000,N,21
2239,29,2,38,0,CC,FreeLocal,Standard,62,3,T,F,S,2,37000,N,23
2243,13,0,96,0,CC,FreeLocal,Standard,110,3,F,F,M,2,90271.6,N,44.926667
2252,4,0,100,0,CC,Budget,Intnl_discount,113,2,F,M,M,1,92148.5,Y,28
2254,7,0,6,0,CC,FreeLocal,Intnl_discount,33,2,F,M,S,0,62705.9,Y,33
2257,5,7,76,0,CH,FreeLocal,Intnl_discount,88,1,T,M,S,1,84978.1,N,21.64
2258,21,0,85,0,CC,Budget,Intnl_discount,107,1,T,F,M,2,36647.9,N,49.986667
2259,3,0,37,0,CH,Budget,Intnl_discount,40,1,T,F,S,0,64319.2,N,41.226667
2260,20,0,9,0,Auto,Budget,Intnl_discount,29,4,F,F,S,1,73338,N,48.246667
2261,3,0,40,0,CC,FreeLocal,Standard,44,2,T,F,S,0,433.74,N,60.746667
2267,21,0,87,0,CC,Budget,Standard,109,2,T,F,M,0,2031.61,N,20.3
2270,13,0,8,0,CH,FreeLocal,Standard,22,1,F,F,S,2,16938.5,N,70
2274,28,0,60,0,Auto,FreeLocal,Standard,89,2,F,F,M,1,8073.11,N,52
2275,24,0,5,0,CH,Budget,Standard,29,4,F,M,M,1,95448.6,Y,53.68
2279,29,0,9,0,CC,Budget,Intnl_discount,38,3,F,M,S,2,72084.7,N,55.64
2280,13,0,40,0,CC,Budget,Standard,53,2,F,F,S,0,42760.5,N,42
2281,23,0,10,0,Auto,Budget,Intnl_discount,34,3,F,F,S,1,49072,N,43
2282,16,0,126,0,CC,FreeLocal,Standard,142,4,F,F,M,0,27371.8,Y,46
2285,16,0,114,0,CH,Budget,Standard,130,3,T,M,M,0,71472.9,N,41.913333
2286,7,0,6,0,CC,Budget,Standard,13,2,F,F,M,0,95405.7,N,46
2287,21,0,87,0,CC,Budget,Standard,108,3,F,F,S,0,95786.8,Y,47
2289,0,0,11,0,CH,FreeLocal,Intnl_discount,12,4,T,M,S,0,90321.6,N,55.113333
2290,18,0,136,0,CC,FreeLocal,Standard,154,3,T,M,S,0,90478.6,N,54.553333
2291,8,0,13,0,CH,Budget,Standard,21,2,F,F,M,2,56187,N,48
2294,23,0,206,0,CC,Budget,Intnl_discount,229,1,T,F,S,1,32098,N,24.393333
2301,26,0,32,0,CC,Budget,Intnl_discount,58,4,F,M,M,1,75004.5,N,64.8
2304,20,0,13,0,CC,Budget,Standard,34,4,F,M,M,0,19749.3,N,60.366667
2305,9,0,38,0,CC,Budget,Standard,48,3,F,M,S,1,57626.9,Y,43.906667
2315,14,0,25,0,CC,Budget,Standard,40,1,T,F,S,1,13576.5,N,39.426667
2317,20,0,39,0,CH,Budget,Intnl_discount,59,2,F,F,M,2,42031.8,N,50.753333
2322,29,9,104,0,CC,Budget,Standard,143,3,T,M,S,2,43634.5,N,21.78
2327,16,5,10,0,CC,Budget,Standard,32,4,T,M,S,1,92647.5,N,56.046667
2328,3,0,11,0,CC,Budget,Standard,14,3,T,F,S,2,21021.6,Y,62.753333
2331,27,0,58,0,Auto,Budget,Standard,86,1,T,F,S,2,28787.4,N,41.666667
2342,22,0,34,0,Auto,Budget,Standard,57,3,T,F,S,2,19131.1,N,56.186667
2347,29,9,104,0,CC,Budget,Standard,143,1,T,M,S,2,43634.5,N,21.78
2352,16,5,10,0,CC,Budget,Standard,32,1,T,M,S,1,92647.5,N,56.046667
2354,25,0,179,0,CC,FreeLocal,Standard,206,3,T,M,S,0,74460.7,Y,55.34
2359,22,0,20,0,CC,Budget,Intnl_discount,43,2,F,M,M,1,13091.6,N,59.126667
2362,29,0,52,0,Auto,FreeLocal,Standard,82,4,F,F,M,2,62061.8,Y,45.92
2363,27,0,57,0,CC,Budget,Standard,85,4,T,F,M,1,20550.9,Y,22.12
2367,22,0,34,0,Auto,Budget,Standard,57,4,T,F,S,2,19131.1,N,56.186667
2371,22,0,27,0,CH,Budget,Standard,49,4,F,F,S,2,6440.46,Y,41
2372,8,0,39,0,CC,Budget,Standard,47,2,F,M,M,1,63900.9,N,28.333333
2373,6,0,58,0,CC,Budget,Standard,64,1,F,M,M,2,28766.9,N,46.84
2377,7,0,196,0,CC,Budget,Standard,203,2,F,M,S,0,72928.2,N,38.733333
2388,29,0,8,0,CH,Budget,Intnl_discount,38,1,T,F,S,0,93322.1,Y,40.313333
2391,27,0,23,0,CC,Budget,Standard,51,3,F,M,M,2,49910.7,Y,51.52
2392,11,0,25,0,CC,FreeLocal,Standard,37,1,T,M,M,0,76161.4,Y,44.573333
2400,10,0,57,0,CC,FreeLocal,Standard,67,1,F,M,M,2,57360.8,Y,53.253333
2403,11,0,95,0,Auto,Budget,Standard,107,2,T,F,S,2,14578.8,Y,60.933333
2404,0,0,22,0,CC,Budget,Standard,22,3,F,F,M,2,87578.2,Y,53.366667
2413,5,8,63,0,Auto,FreeLocal,Standard,77,1,F,M,M,2,30665.2,Y,22.88
2415,17,0,8,0,CH,FreeLocal,Intnl_discount,26,3,F,F,M,1,98680.4,Y,48
2417,10,0,93,0,CC,Budget,Standard,104,3,F,F,M,1,95620.3,Y,52.646667
2419,15,0,8,0,CC,FreeLocal,Intnl_discount,24,4,F,F,M,1,66921.4,Y,70
2420,13,0,11,0,Auto,FreeLocal,Standard,25,2,F,F,M,1,98453.6,Y,61
2422,25,0,252,1,Auto,Budget,Standard,277,3,F,F,S,2,57420,Y,52
2423,3,3,26,1,CH,FreeLocal,Standard,34,1,T,M,M,0,70000,N,55
2424,17,0,39,0,CC,Budget,Intnl_discount,57,2,F,M,M,2,47639.1,N,41
2427,22,0,103,1,CC,FreeLocal,Standard,126,1,T,F,S,0,39461,N,22.226667
2431,20,8,80,0,CH,Budget,Intnl_discount,109,1,T,M,S,1,16432.1,Y,20.92
2434,12,0,7,0,Auto,Budget,Intnl_discount,20,2,T,F,S,1,540.4,Y,39.213333
2436,8,0,22,0,CC,FreeLocal,Standard,31,3,F,F,M,2,80087.7,N,41.92
2437,21,0,256,0,CC,Budget,Standard,278,4,F,F,M,2,59691.3,N,38.04
2438,28,0,113,0,CC,FreeLocal,Standard,141,2,T,F,S,2,11251.1,Y,41
2443,18,0,104,0,CC,Budget,Standard,123,3,T,F,S,2,3416.62,Y,22.76
2451,45,0,8,0,CH,FreeLocal,Standard,34,1,T,F,M,1,13829.4,N,24
2454,19,0,118,0,Auto,FreeLocal,Standard,137,1,F,F,M,1,82931.3,N,64.64
2455,17,0,27,0,CH,Budget,Standard,44,3,F,F,M,2,57483.9,N,44.026667
2457,10,0,32,0,Auto,FreeLocal,Standard,43,3,T,F,S,2,21274,N,45.526667
2458,21,0,192,0,CC,FreeLocal,Standard,214,2,F,F,M,2,28267,N,30.093333
2460,8,9,77,0,CH,Budget,Standard,94,2,F,F,M,2,36725.1,N,55.793333
2467,15,0,6,0,CC,Budget,Standard,22,3,F,F,M,2,91861,Y,41.98
2470,17,0,106,0,Auto,FreeLocal,Standard,123,3,T,F,S,1,12374.9,Y,33.493333
2471,8,0,37,0,CH,FreeLocal,Standard,46,4,F,F,M,2,69133.9,Y,26.833333
2473,11,0,12,0,CH,FreeLocal,Intnl_discount,23,1,F,F,M,2,84948,Y,29.446667
2474,2,0,50,0,Auto,Budget,Standard,52,4,F,F,M,2,30998.8,N,40.96
2480,9,9,8,0,CC,FreeLocal,Intnl_discount,27,3,F,M,M,2,21416.5,N,35.653333
2485,0,0,0,0,Auto,Budget,Standard,0,2,F,F,M,2,38215.9,N,30.886667
2487,2,0,24,0,CH,Budget,Intnl_discount,27,2,F,F,M,2,49745.3,N,47.966667
2490,1,0,83,0,CC,FreeLocal,Intnl_discount,84,2,F,F,M,2,98003.7,Y,26.273333
2491,3,8,5,0,CC,Budget,Intnl_discount,16,3,T,M,S,0,89142.7,N,53.693333
2494,28,0,262,0,CC,Budget,Standard,265,1,T,F,S,0,41000,N,22
2499,22,0,82,0,CC,Budget,Intnl_discount,104,3,F,F,M,2,76289.2,N,48.206667
2502,8,0,99,0,CC,FreeLocal,Standard,108,2,F,M,S,0,9309.57,Y,25.44
2503,25,0,26,0,Auto,FreeLocal,Intnl_discount,48,3,T,F,M,1,32962.6,N,24
2504,39,0,154,0,CC,Budget,Intnl_discount,168,3,T,F,S,0,42000,N,21
2507,14,0,9,0,Auto,Budget,Intnl_discount,23,3,F,F,D,1,77726.4,N,56.72
2508,42,2,38,0,CC,FreeLocal,Standard,62,3,T,F,S,2,35089,N,18
2509,28,0,106,0,CC,Budget,Standard,134,1,T,F,S,1,2800.68,N,45.673333
2512,13,0,96,0,CC,FreeLocal,Standard,110,3,F,F,M,2,90271.6,N,44.926667
2516,21,0,6,0,CC,Budget,Standard,27,4,F,F,M,2,64816.6,Y,31.126667
2517,29,0,13,0,CC,FreeLocal,Standard,42,1,F,F,M,2,98217.1,N,44.98
2527,21,0,85,0,CC,Budget,Intnl_discount,107,4,F,F,M,2,36647.9,N,49.986667
2529,20,0,9,0,Auto,Budget,Intnl_discount,29,1,T,F,S,1,73338,N,48.246667
2530,3,0,40,0,CC,FreeLocal,Standard,44,3,T,F,S,0,433.74,N,60.746667
2536,21,0,87,0,CC,Budget,Standard,109,4,T,F,M,0,2031.61,N,20.3
2542,0,0,15,0,CC,FreeLocal,Standard,15,4,F,F,M,0,55221,N,46
2543,28,0,60,0,Auto,FreeLocal,Standard,89,4,F,F,M,1,8073.11,N,47
2544,24,0,5,0,CH,Budget,Standard,29,3,F,M,M,0,95448.6,Y,53.68
2548,29,0,9,0,CC,Budget,Intnl_discount,38,1,F,M,S,2,72084.7,N,55.64
2549,13,0,40,0,CC,Budget,Standard,53,4,F,F,S,0,42760.5,N,48
2550,23,0,10,0,Auto,Budget,Intnl_discount,34,2,F,F,S,1,49072,N,52.646667
2551,16,0,126,0,CC,FreeLocal,Standard,142,2,F,F,M,0,27371.8,Y,62
2556,21,0,87,0,CC,Budget,Standard,108,2,F,F,S,0,95786.8,Y,41
2558,0,0,11,0,CC,FreeLocal,Intnl_discount,12,4,T,M,S,0,90321.6,N,55.113333
2559,18,0,136,0,CH,FreeLocal,Standard,154,4,T,M,S,0,90478.6,N,54.553333
2560,8,0,13,0,CH,Budget,Standard,21,3,F,F,M,2,56187,N,43
2563,23,0,206,0,CC,Budget,Intnl_discount,229,2,T,F,S,1,35000,N,24.393333
2565,2,7,11,1,CC,FreeLocal,Standard,21,2,F,M,M,0,9780.66,N,24.546667
2569,12,0,46,4,CC,FreeLocal,Standard,58,3,F,M,M,2,53010.8,N,18.84
2570,26,0,32,0,CC,Budget,Intnl_discount,58,1,F,M,M,0,75004.5,N,64.8
2573,20,0,13,0,CC,Budget,Standard,34,2,F,M,M,0,19749.3,N,60.366667
2575,9,0,6,0,CC,Budget,Intnl_discount,15,2,F,M,S,0,20078,N,32.846667
2576,17,4,49,1,Auto,FreeLocal,Standard,72,2,F,F,M,2,47902,N,26.033333
2584,14,0,25,0,CC,Budget,Standard,40,3,T,F,S,1,13576.5,N,39.426667
2586,20,0,39,0,CH,Budget,Intnl_discount,59,1,F,F,M,2,42031.8,N,50.753333
2595,22,0,40,0,Auto,Budget,Standard,62,3,T,F,S,1,13109.1,N,62.606667
2598,25,0,179,0,CC,FreeLocal,Standard,206,1,T,M,S,0,74460.7,Y,55.34
2599,29,0,40,0,CC,FreeLocal,Intnl_discount,69,2,F,F,M,1,43894.5,N,40.18
2600,27,0,58,0,Auto,Budget,Standard,86,4,T,F,S,2,28787.4,N,41.666667
2601,26,0,9,0,CC,FreeLocal,Standard,36,1,F,F,S,1,94278.7,Y,53.12
2604,17,0,31,0,CH,Budget,Intnl_discount,48,3,F,F,M,0,91708.4,N,37.293333
2605,17,0,137,2,CC,FreeLocal,Standard,154,1,F,F,S,0,64335,Y,19.066667
2606,29,0,52,0,Auto,FreeLocal,Standard,82,4,F,F,M,2,62061.8,Y,45.92
2608,28,0,84,0,CC,FreeLocal,Standard,112,2,F,F,S,0,76142,N,32.02
2609,17,0,41,2,Auto,Budget,Standard,58,2,F,F,M,1,46513.5,N,30.053333
2610,3,0,44,0,CC,FreeLocal,Standard,47,2,F,M,S,1,1765.41,N,18.766667
2611,22,0,34,0,Auto,Budget,Standard,57,4,T,F,S,2,19131.1,N,56.186667
2613,11,0,74,0,Auto,FreeLocal,Intnl_discount,86,2,F,F,S,2,38280,N,33.74
2617,6,0,58,0,CC,Budget,Standard,64,3,F,M,M,2,28766.9,N,46.84
2618,17,6,51,0,CC,FreeLocal,Standard,74,3,F,F,M,1,56722.8,N,60.593333
2621,7,0,196,0,CC,Budget,Standard,203,2,F,M,S,0,72928.2,N,38.733333
2622,26,0,13,0,CC,FreeLocal,Standard,40,4,F,M,M,2,91272.2,Y,25.033333
2627,22,0,28,0,Auto,Budget,Standard,50,1,F,F,S,0,73228.3,N,70
2630,13,1,36,0,CH,FreeLocal,Standard,51,3,T,M,M,1,64792.3,N,52.146667
2632,29,0,8,0,CH,Budget,Intnl_discount,38,1,T,F,S,0,93322.1,Y,40.313333
2635,27,0,23,0,CC,Budget,Standard,51,3,F,M,M,2,49910.7,Y,51.52
2645,29,0,10,0,CC,FreeLocal,Standard,40,3,T,M,M,1,92414.7,Y,45.513333
2647,11,0,95,0,Auto,Budget,Standard,107,1,T,F,S,2,14578.8,Y,60.933333
2648,0,0,22,0,CC,Budget,Standard,22,2,F,F,M,2,87578.2,Y,53.366667
2653,29,0,90,4,Auto,FreeLocal,Intnl_discount,119,2,F,F,M,0,66666,N,60
2654,15,0,70,0,CC,Budget,Intnl_discount,85,1,F,M,M,1,2067.82,N,47.853333
2657,5,8,63,0,Auto,FreeLocal,Standard,77,2,F,M,S,0,30665.2,Y,22.88
2659,17,0,8,0,CH,FreeLocal,Intnl_discount,26,3,F,F,M,1,98680.4,Y,43
2660,13,0,144,0,CC,Budget,Standard,158,3,T,M,M,0,65619.7,Y,46
2661,10,0,93,0,CC,Budget,Standard,104,2,F,F,M,1,95620.3,Y,46
2662,22,0,151,0,Auto,FreeLocal,Intnl_discount,174,3,F,F,S,0,85275,N,70
2663,15,0,8,0,CC,FreeLocal,Intnl_discount,24,4,F,F,M,1,66921.4,Y,55
2666,25,0,252,1,Auto,Budget,Standard,277,3,F,F,S,2,57420,Y,43
2675,20,8,80,0,CH,Budget,Intnl_discount,109,3,T,M,S,1,16432.1,Y,20.92
2678,12,0,7,0,Auto,Budget,Intnl_discount,20,1,T,F,S,1,540.4,Y,39.213333
2680,8,0,22,0,CC,FreeLocal,Standard,31,2,F,F,M,2,80087.7,N,41.92
2681,21,0,256,0,CC,Budget,Standard,278,4,F,F,M,2,59691.3,N,38.04
2685,7,8,71,0,CH,Budget,Intnl_discount,87,2,F,M,S,1,37626,N,33.866667
2687,18,0,104,0,CC,Budget,Standard,123,2,T,F,S,2,3416.62,Y,22.76
2695,45,0,8,0,CH,FreeLocal,Standard,34,4,T,F,M,1,13829.4,N,20
2698,19,0,118,0,Auto,FreeLocal,Standard,137,1,F,F,M,1,82931.3,N,64.64
2699,17,0,27,0,CH,Budget,Standard,44,1,F,F,M,2,57483.9,N,44.026667
2702,21,0,192,0,CC,FreeLocal,Standard,214,3,F,F,M,2,28267,N,30.093333
2704,8,9,77,0,CH,Budget,Standard,94,2,F,F,M,2,36725.1,N,55.793333
2708,20,0,19,0,CC,Budget,Standard,41,1,T,M,S,1,94188.3,N,57.546667
2711,15,0,6,0,CC,Budget,Standard,22,1,F,F,M,2,91861,Y,41.98
2714,17,0,106,0,Auto,FreeLocal,Standard,123,4,T,F,S,1,12374.9,Y,33.493333
2717,11,0,12,0,CH,FreeLocal,Intnl_discount,23,3,F,F,M,2,84948,Y,29.446667
2718,2,0,50,0,Auto,Budget,Standard,52,2,F,F,M,2,30998.8,N,40.96
2730,29,0,160,0,CC,FreeLocal,Standard,176,1,T,F,M,1,14085.5,N,19
2736,20,0,106,0,Auto,FreeLocal,Intnl_discount,127,3,F,F,S,0,74530.8,N,63.086667
2738,45,0,262,0,CC,Budget,Standard,265,1,T,F,S,0,32962.6,N,23
2745,11,0,5,0,CC,Budget,Standard,17,3,T,M,M,1,66931.9,N,63.933333
2747,33,0,26,0,Auto,FreeLocal,Intnl_discount,48,4,T,F,M,1,42000,N,24
2748,28,0,154,0,CC,Budget,Intnl_discount,168,4,T,F,S,0,43000,N,24
2749,25,0,61,0,CC,Budget,Standard,65,3,T,F,S,0,42000,N,23
2750,38,0,35,0,Auto,Budget,Standard,41,4,T,F,S,2,32098,N,22
2751,14,0,9,0,Auto,Budget,Intnl_discount,23,3,F,F,S,0,77726.4,N,56.72
2752,39,2,38,0,CC,FreeLocal,Standard,62,3,T,F,S,2,35000,N,19
2753,28,0,106,0,CC,Budget,Standard,134,4,T,F,S,1,2800.68,N,45.673333
2760,21,0,6,0,CC,Budget,Standard,27,4,F,F,M,2,64816.6,Y,31.126667
2764,3,0,25,1,CC,Budget,Intnl_discount,29,3,T,F,S,0,15989.3,N,61.693333
2770,5,7,76,0,CH,FreeLocal,Intnl_discount,88,2,F,M,S,1,84978.1,N,21.64
2771,21,0,85,0,CC,Budget,Intnl_discount,107,1,T,F,M,2,36647.9,N,49.986667
2772,3,0,37,0,CH,Budget,Intnl_discount,40,1,T,F,S,0,64319.2,N,41.226667
2773,20,0,9,0,Auto,Budget,Intnl_discount,29,3,F,F,S,1,73338,N,48.246667
2775,18,0,8,0,CC,Budget,Standard,27,1,F,F,M,2,16962.2,N,45.36
2786,0,0,15,0,CC,FreeLocal,Standard,15,4,F,F,M,0,55221,N,48
2787,28,0,60,0,Auto,FreeLocal,Standard,89,3,F,F,M,1,8073.11,N,52.646667
2788,24,0,5,0,CH,Budget,Standard,29,4,F,M,M,0,95448.6,Y,53.68
2792,29,0,9,0,CC,Budget,Intnl_discount,38,4,F,M,S,2,72084.7,N,55.64
2793,13,0,40,0,CC,Budget,Standard,53,3,F,F,S,0,42760.5,N,62
2798,16,0,114,0,CH,Budget,Standard,130,3,T,M,M,1,71472.9,N,41.913333
2800,21,0,87,0,CC,Budget,Standard,108,1,F,F,S,0,95786.8,Y,57.553333
2802,0,0,11,0,CC,FreeLocal,Intnl_discount,12,3,T,M,S,0,90321.6,N,55.113333
2803,18,0,136,0,CC,FreeLocal,Standard,154,2,T,M,S,0,90478.6,N,54.553333
2813,12,0,46,4,CC,FreeLocal,Standard,58,1,F,M,M,2,53010.8,N,18.84
2814,26,0,32,0,CC,Budget,Intnl_discount,58,4,F,M,M,0,75004.5,N,64.8
2817,20,0,13,0,CC,Budget,Standard,34,2,F,M,M,0,19749.3,N,60.366667
2818,9,0,38,0,CC,Budget,Standard,48,4,F,M,S,1,57626.9,Y,43.906667
2825,11,1,22,0,CC,FreeLocal,Standard,36,2,T,M,S,2,89459.9,N,53.28
2829,2,7,11,1,CC,FreeLocal,Standard,21,2,F,M,M,0,9780.66,N,24.546667
2833,12,0,46,4,CC,FreeLocal,Standard,58,2,F,M,M,2,53010.8,N,18.84
2834,26,0,32,0,CC,Budget,Intnl_discount,58,2,F,M,M,1,75004.5,N,64.8
2837,20,0,13,0,CC,Budget,Standard,34,1,F,M,M,0,19749.3,N,60.366667
2838,9,0,38,0,CC,Budget,Standard,48,3,F,M,S,1,57626.9,Y,43.906667
2840,17,4,49,1,Auto,FreeLocal,Standard,72,4,F,F,M,2,47902,N,26.033333
2845,11,1,22,0,CC,FreeLocal,Standard,36,2,T,M,S,2,89459.9,N,53.28
2848,14,0,25,0,CC,Budget,Standard,40,1,T,F,S,1,13576.5,N,39.426667
2850,20,0,39,0,CH,Budget,Intnl_discount,59,3,F,F,M,2,42031.8,N,50.753333
2852,24,0,35,0,CC,FreeLocal,Standard,60,4,T,F,S,1,75397.8,Y,57.66
2854,2,6,85,0,CC,FreeLocal,Standard,93,2,T,M,M,0,92881.8,N,21.38
2855,29,9,104,0,CC,Budget,Standard,143,2,T,M,S,2,43634.5,N,21.78
2856,5,0,50,0,CC,FreeLocal,Intnl_discount,55,4,T,F,S,0,68641.5,Y,47.98
2858,10,9,9,0,CC,FreeLocal,Standard,29,4,T,F,M,1,52490.1,N,19.193333
2859,22,0,40,0,Auto,Budget,Standard,62,3,T,F,S,1,13109.1,N,62.606667
2860,16,5,10,0,CC,Budget,Standard,32,1,T,M,S,1,92647.5,N,56.046667
2861,3,0,11,0,CC,Budget,Standard,14,4,T,F,S,2,21021.6,Y,62.753333
2862,25,0,179,0,CC,FreeLocal,Standard,206,3,T,M,S,0,74460.7,Y,55.34
2863,29,0,40,0,CC,FreeLocal,Intnl_discount,69,4,T,F,M,1,43894.5,N,40.18
2864,27,0,58,0,Auto,Budget,Standard,86,3,T,F,S,2,28787.4,N,41.666667
2865,26,0,9,0,CC,FreeLocal,Standard,36,4,T,F,S,1,94278.7,Y,53.12
2866,28,0,8,0,CC,FreeLocal,Intnl_discount,36,4,T,F,M,0,83900.2,N,45.04
2867,22,0,20,0,CC,Budget,Intnl_discount,43,4,F,M,M,1,13091.6,N,59.126667
2868,17,0,31,0,CH,Budget,Intnl_discount,48,4,T,F,M,0,91708.4,N,37.293333
2874,3,0,44,0,CC,FreeLocal,Standard,47,4,F,M,M,2,1765.41,N,18.766667
2875,22,0,34,0,Auto,Budget,Standard,57,1,T,F,S,2,19131.1,N,56.186667
2879,22,0,27,0,CH,Budget,Standard,49,1,F,F,S,2,6440.46,Y,61
2881,6,0,58,0,CC,Budget,Standard,64,1,F,M,M,2,28766.9,N,46.84
2894,13,1,36,0,CH,FreeLocal,Standard,51,1,T,M,M,1,64792.3,N,52.146667
2896,29,0,8,0,CH,Budget,Intnl_discount,38,1,T,F,S,0,93322.1,Y,40.313333
2899,27,0,23,0,CC,Budget,Standard,51,4,F,M,M,2,49910.7,Y,51.52
2900,11,0,25,0,CC,FreeLocal,Standard,37,1,T,M,M,0,76161.4,Y,44.573333
2908,10,0,57,0,CC,FreeLocal,Standard,67,3,F,M,M,2,57360.8,Y,53.253333
2911,11,0,95,0,Auto,Budget,Standard,107,3,T,F,S,2,14578.8,Y,60.933333
2912,0,0,22,0,CC,Budget,Standard,22,1,F,F,M,2,87578.2,Y,53.366667
2917,29,0,90,4,Auto,FreeLocal,Intnl_discount,119,2,F,F,M,0,68000,N,45.486667
2918,15,0,70,0,CC,Budget,Intnl_discount,85,3,F,M,M,1,2067.82,N,47.853333
2922,6,0,30,0,Auto,FreeLocal,Intnl_discount,37,1,F,F,M,1,80000,Y,63.353333
2924,13,0,144,0,CC,Budget,Standard,158,4,F,F,M,2,65619.7,Y,55
2925,10,0,93,0,CC,Budget,Standard,104,4,F,F,M,1,95620.3,Y,49.12
2928,13,0,11,0,Auto,FreeLocal,Standard,25,4,F,F,M,1,98453.6,Y,43
2930,25,0,252,1,Auto,Budget,Standard,277,2,F,F,S,2,57420,Y,47
2931,3,3,26,1,CH,FreeLocal,Standard,34,2,F,M,M,0,58986.2,N,26.98
2932,17,0,39,0,CC,Budget,Intnl_discount,57,3,F,F,M,2,47639.1,N,42
2935,22,0,103,1,CC,FreeLocal,Standard,126,4,T,F,S,0,39461,N,22.226667
2939,20,8,80,0,CH,Budget,Intnl_discount,109,4,T,M,S,1,16432.1,Y,20.92
2942,12,0,7,0,Auto,Budget,Intnl_discount,20,4,T,F,S,1,540.4,Y,39.213333
2944,8,0,22,0,CC,FreeLocal,Standard,31,1,F,F,M,2,80087.7,N,41.92
2945,21,0,256,0,CC,Budget,Standard,278,3,F,F,M,2,59691.3,N,38.04
2946,28,0,113,0,CC,FreeLocal,Standard,141,4,T,F,S,2,11251.1,Y,61
2951,18,0,104,0,CC,Budget,Standard,123,4,T,F,S,2,3416.62,Y,22.76
2952,18,0,25,0,Auto,FreeLocal,Standard,44,4,F,F,S,0,93454.3,Y,48.533333
2960,0,0,112,0,CC,Budget,Standard,113,3,F,F,M,2,11234.7,Y,49.046667
2962,19,0,118,0,Auto,FreeLocal,Standard,137,3,F,F,M,1,82931.3,N,64.64
2963,17,0,27,0,CH,Budget,Standard,44,4,F,F,M,2,57483.9,N,44.026667
2965,10,0,32,0,Auto,FreeLocal,Standard,43,4,T,F,S,2,21274,N,45.526667
2968,8,9,77,0,CH,Budget,Standard,94,4,F,F,M,2,36725.1,N,55.793333
2972,20,0,19,0,CC,Budget,Standard,41,2,T,M,S,1,94188.3,N,57.546667
2975,15,0,6,0,CC,Budget,Standard,22,2,F,F,M,2,91861,Y,41.98
2978,17,0,106,0,Auto,FreeLocal,Standard,123,3,T,F,S,1,12374.9,Y,33.493333
2979,8,0,37,0,CH,FreeLocal,Standard,46,2,F,F,M,2,69133.9,Y,26.833333
2981,11,0,12,0,CH,FreeLocal,Intnl_discount,23,1,F,F,M,2,84948,Y,29.446667
2982,2,0,50,0,Auto,Budget,Standard,52,3,F,F,M,2,30998.8,N,40.96
2988,9,9,8,0,CC,FreeLocal,Intnl_discount,27,1,F,M,M,2,21416.5,N,35.653333
2993,0,0,0,0,Auto,Budget,Standard,0,3,F,F,M,2,38215.9,N,30.886667
2994,43,0,160,0,CC,FreeLocal,Standard,176,1,T,F,M,1,14085.5,N,21
2995,2,0,24,0,CH,Budget,Intnl_discount,27,4,F,F,M,2,49745.3,N,47.966667
2998,1,0,83,0,CC,FreeLocal,Intnl_discount,84,4,F,F,M,2,98003.7,Y,26.273333
3000,20,0,106,0,Auto,FreeLocal,Intnl_discount,127,1,F,F,S,0,74530.8,N,63.086667
3002,42,0,262,0,CC,Budget,Standard,265,4,T,F,S,0,32962.6,N,24
3007,22,0,82,0,CC,Budget,Intnl_discount,104,2,F,F,M,2,76289.2,N,48.206667
3009,11,0,5,0,CC,Budget,Standard,17,3,T,M,M,1,66931.9,N,63.933333
3010,8,0,99,0,CC,FreeLocal,Standard,108,2,F,M,S,0,9309.57,Y,25.44
3011,45,0,26,0,Auto,FreeLocal,Intnl_discount,48,3,T,F,M,1,28000,N,23
3012,29,0,154,0,CC,Budget,Intnl_discount,168,1,T,F,S,0,38000,N,24
3014,33,0,35,0,Auto,Budget,Standard,41,2,T,F,S,2,42000,N,22
3017,28,0,106,0,CC,Budget,Standard,134,1,T,F,S,1,2800.68,N,45.673333
3024,21,0,6,0,CC,Budget,Standard,27,1,F,F,M,2,64816.6,Y,31.126667
3025,29,0,13,0,CC,FreeLocal,Standard,42,4,F,F,M,2,98217.1,N,44.98
3034,5,7,76,0,CH,FreeLocal,Intnl_discount,88,2,F,M,S,1,84978.1,N,21.64
3035,21,0,85,0,CC,Budget,Intnl_discount,107,4,F,F,M,2,36647.9,N,49.986667
3037,20,0,9,0,Auto,Budget,Intnl_discount,29,4,F,F,S,1,73338,N,48.246667
3038,3,0,40,0,CC,FreeLocal,Standard,44,2,T,F,S,0,433.74,N,60.746667
3039,18,0,8,0,CC,Budget,Standard,27,2,F,F,M,2,16962.2,N,45.36
3041,20,4,117,0,CH,Budget,Intnl_discount,142,3,F,M,M,2,10708.3,N,26.026667
3044,21,0,87,0,CC,Budget,Standard,109,4,T,F,M,0,2031.61,N,20.3
3047,13,0,8,0,CH,FreeLocal,Standard,22,1,F,F,S,2,16938.5,N,48
3051,28,0,60,0,Auto,FreeLocal,Standard,89,3,F,F,M,1,8073.11,N,41
3054,29,0,40,0,CC,Budget,Intnl_discount,70,3,F,M,S,2,63152.6,Y,63.173333
3056,29,0,9,0,CC,Budget,Intnl_discount,38,3,F,M,S,2,72084.7,N,55.64
3057,13,0,40,0,CC,Budget,Standard,53,3,F,F,S,0,42760.5,N,43
3058,23,0,10,0,Auto,Budget,Intnl_discount,34,1,F,F,S,1,49072,N,46
3059,16,0,126,0,CC,FreeLocal,Standard,142,1,F,F,M,0,27371.8,Y,70
3062,16,0,114,0,CH,Budget,Standard,130,3,T,M,M,0,71472.9,N,41.913333
3066,0,0,11,0,Auto,FreeLocal,Intnl_discount,12,2,F,M,S,0,90321.6,N,38
3067,18,0,136,0,CC,FreeLocal,Standard,154,2,T,M,S,1,90478.6,N,54.553333
3068,8,0,13,0,CH,Budget,Standard,21,1,F,F,M,2,56187,N,43
3077,12,0,46,4,CC,FreeLocal,Standard,58,1,F,M,M,2,53010.8,N,18.84
3078,26,0,32,0,CC,Budget,Intnl_discount,58,4,F,M,M,0,75004.5,N,64.8
3082,9,0,38,0,CC,Budget,Standard,48,1,F,M,S,1,57626.9,Y,43.906667
3083,9,0,6,0,CC,Budget,Intnl_discount,15,2,F,M,D,1,20078,N,32.846667
3089,11,1,22,0,CC,FreeLocal,Standard,36,2,T,M,S,2,89459.9,N,53.28
3092,14,0,25,0,CC,Budget,Standard,40,1,T,F,S,1,13576.5,N,39.426667
3094,20,0,39,0,CH,Budget,Intnl_discount,59,3,F,F,M,2,42031.8,N,50.753333
3103,22,0,40,0,Auto,Budget,Standard,62,4,T,F,S,1,13109.1,N,62.606667
3105,3,0,11,0,CC,Budget,Standard,14,4,T,F,S,2,21021.6,Y,62.753333
3106,25,0,179,0,CC,FreeLocal,Standard,206,4,T,M,S,0,74460.7,Y,55.34
3108,27,0,58,0,Auto,Budget,Standard,86,2,T,F,S,2,28787.4,N,41.666667
3114,29,0,52,0,Auto,FreeLocal,Standard,82,1,F,F,M,2,62061.8,Y,45.92
3115,27,0,57,0,CC,Budget,Standard,85,1,T,F,M,1,20550.9,Y,22.12
3118,3,0,44,0,CC,FreeLocal,Standard,47,2,F,M,S,1,1765.41,N,18.766667
3123,22,0,27,0,CH,Budget,Standard,49,4,F,F,S,2,6440.46,Y,52
3125,6,0,58,0,CC,Budget,Standard,64,4,F,M,M,2,28766.9,N,46.84
3130,26,0,13,0,CC,FreeLocal,Standard,40,4,F,M,M,2,91272.2,Y,25.033333
3143,27,0,23,0,CC,Budget,Standard,51,3,F,M,M,2,49910.7,Y,51.52
3144,11,0,25,0,CC,FreeLocal,Standard,37,4,T,M,M,0,76161.4,Y,44.573333
3152,10,0,57,0,CC,FreeLocal,Standard,67,1,F,M,M,2,57360.8,Y,53.253333
3156,0,0,22,0,CC,Budget,Standard,22,3,F,F,M,2,87578.2,Y,53.366667
3158,5,0,17,0,CH,Budget,Standard,22,2,F,M,M,1,5306.11,N,39.093333
3162,15,0,70,0,CC,Budget,Intnl_discount,85,2,F,M,M,1,2067.82,N,47.853333
3165,5,8,63,0,Auto,FreeLocal,Standard,77,1,F,M,M,2,30665.2,Y,22.88
3166,6,0,30,0,Auto,FreeLocal,Intnl_discount,37,1,F,F,M,1,78000,Y,56.193333
3167,17,0,8,0,CH,FreeLocal,Intnl_discount,26,1,F,F,M,1,98680.4,Y,58.706667
3168,13,0,144,0,CC,Budget,Standard,158,3,F,F,M,2,65619.7,Y,46
3170,22,0,151,0,Auto,FreeLocal,Intnl_discount,174,1,F,F,S,0,85275,N,47
3171,15,0,8,0,CC,FreeLocal,Intnl_discount,24,1,F,F,M,1,66921.4,Y,43
3174,25,0,252,1,Auto,Budget,Standard,277,1,F,F,S,2,57420,Y,48
3175,3,3,26,1,CC,FreeLocal,Standard,34,4,T,M,M,0,68000,N,67
3176,17,0,39,0,CC,Budget,Intnl_discount,57,4,F,F,M,2,47639.1,N,48
3177,5,8,25,0,CC,Budget,Intnl_discount,39,2,F,M,M,0,3911.9,N,38.413333
3179,22,0,103,1,CC,FreeLocal,Standard,126,1,T,F,S,0,39461,N,22.226667
3183,20,8,80,0,CH,Budget,Intnl_discount,109,3,T,M,S,1,16432.1,Y,20.92
3186,12,0,7,0,Auto,Budget,Intnl_discount,20,3,T,F,S,1,540.4,Y,39.213333
3188,8,0,22,0,CC,FreeLocal,Standard,31,4,F,F,M,2,80087.7,N,41.92
3189,21,0,256,0,CC,Budget,Standard,278,1,F,F,M,2,59691.3,N,38.04
3194,1,0,29,0,CC,Budget,Standard,31,4,F,F,S,2,93559.1,N,57.62
3195,18,0,104,0,CC,Budget,Standard,123,3,T,F,S,2,3416.62,Y,22.76
3196,18,0,25,0,Auto,FreeLocal,Standard,44,3,F,F,S,0,93454.3,Y,48.533333
3207,17,0,27,0,CH,Budget,Standard,44,1,F,F,M,2,57483.9,N,44.026667
3209,10,0,32,0,Auto,FreeLocal,Standard,43,4,T,F,S,2,21274,N,45.526667
3210,21,0,192,0,CC,FreeLocal,Standard,214,2,F,F,M,2,28267,N,30.093333
3216,20,0,19,0,CC,Budget,Standard,41,2,T,M,S,1,94188.3,N,57.546667
3219,15,0,6,0,CC,Budget,Standard,22,2,F,F,M,2,91861,Y,41.98
3223,8,0,37,0,CH,FreeLocal,Standard,46,1,T,F,M,2,69133.9,Y,26.833333
3225,11,0,12,0,CH,FreeLocal,Intnl_discount,23,3,F,F,M,2,84948,Y,29.446667
3226,2,0,50,0,Auto,Budget,Standard,52,1,F,F,M,2,30998.8,N,40.96
3237,0,0,0,0,Auto,Budget,Standard,0,1,F,F,M,2,38215.9,N,30.886667
3239,2,0,24,0,CH,Budget,Intnl_discount,27,3,F,F,M,2,49745.3,N,47.966667
3242,1,0,83,0,CC,FreeLocal,Intnl_discount,84,1,F,F,M,2,98003.7,Y,26.273333
3243,3,8,5,0,CC,Budget,Intnl_discount,16,4,T,M,S,0,89142.7,N,53.693333
3244,20,0,106,0,Auto,FreeLocal,Intnl_discount,127,4,F,F,S,0,74530.8,N,63.086667
3253,11,0,5,0,CC,Budget,Standard,17,1,T,M,M,1,66931.9,N,63.933333
3261,28,0,106,0,CC,Budget,Standard,134,3,T,F,S,1,2800.68,N,45.673333
3269,29,0,13,0,CC,FreeLocal,Standard,42,4,F,F,M,2,98217.1,N,44.98
3272,3,0,25,1,CC,Budget,Intnl_discount,29,2,T,F,S,0,15989.3,N,61.693333
3280,3,0,37,0,CH,Budget,Intnl_discount,40,1,T,F,S,0,64319.2,N,41.226667
3281,20,0,9,0,Auto,Budget,Intnl_discount,29,1,T,F,S,1,73338,N,48.246667
3288,21,0,87,0,CC,Budget,Standard,109,2,T,F,M,0,2031.61,N,20.3
3294,0,0,15,0,CC,FreeLocal,Standard,15,1,F,F,M,0,55221,N,41
3295,28,0,60,0,Auto,FreeLocal,Standard,89,1,F,F,M,1,8073.11,N,43
3296,24,0,5,0,CH,Budget,Standard,29,3,F,M,M,1,95448.6,Y,53.68
3298,29,0,40,0,CC,Budget,Intnl_discount,70,3,F,M,S,2,63152.6,Y,63.173333
3300,29,0,9,0,CC,Budget,Intnl_discount,38,2,F,M,S,2,72084.7,N,55.64
3301,13,0,40,0,CC,Budget,Standard,53,2,F,F,S,0,42760.5,N,46
3302,23,0,10,0,Auto,Budget,Intnl_discount,34,1,F,F,S,1,49072,N,70
3306,16,0,114,0,CH,Budget,Standard,130,4,T,M,M,0,71472.9,N,41.913333
3308,21,0,87,0,CC,Budget,Standard,108,4,T,M,S,0,95786.8,Y,57.553333
3311,18,0,136,0,CC,FreeLocal,Standard,154,4,T,M,D,1,90478.6,N,54.553333
3312,8,0,13,0,CH,Budget,Standard,21,2,F,F,M,2,56187,N,41
3315,23,0,206,0,CC,Budget,Intnl_discount,229,3,T,F,S,1,42000,N,24.393333
3322,26,0,32,0,CC,Budget,Intnl_discount,58,4,F,M,M,2,75004.5,N,64.8
3325,20,0,13,0,CC,Budget,Standard,34,4,F,M,M,0,19749.3,N,60.366667
3327,9,0,6,0,CC,Budget,Intnl_discount,15,2,F,M,D,0,20078,N,32.846667
3333,11,1,22,0,CC,FreeLocal,Standard,36,4,T,M,S,2,89459.9,N,53.28
3336,14,0,25,0,CC,Budget,Standard,40,2,T,F,S,1,13576.5,N,39.426667
3343,29,9,104,0,CC,Budget,Standard,143,3,T,M,S,2,43634.5,N,21.78
3352,27,0,58,0,Auto,Budget,Standard,86,4,T,F,S,2,28787.4,N,41.666667
3355,22,0,20,0,CC,Budget,Intnl_discount,43,2,F,M,M,1,13091.6,N,59.126667
3358,29,0,52,0,Auto,FreeLocal,Standard,82,3,F,F,M,2,62061.8,Y,45.92
3367,22,0,27,0,CH,Budget,Standard,49,4,F,F,S,2,6440.46,Y,42
3382,13,1,36,0,CH,FreeLocal,Standard,51,4,T,M,M,1,64792.3,N,52.146667
3384,29,0,8,0,CH,Budget,Intnl_discount,38,1,T,F,S,0,93322.1,Y,40.313333
3387,27,0,23,0,CC,Budget,Standard,51,2,F,M,M,2,49910.7,Y,51.52
3396,10,0,57,0,CC,FreeLocal,Standard,67,4,F,M,M,2,57360.8,Y,53.253333
3399,11,0,95,0,Auto,Budget,Standard,107,2,T,F,S,2,14578.8,Y,60.933333
3400,0,0,22,0,CC,Budget,Standard,22,4,F,F,M,2,87578.2,Y,53.366667
3402,5,0,17,0,CH,Budget,Standard,22,2,F,M,M,1,5306.11,N,39.093333
3405,29,0,90,4,Auto,FreeLocal,Intnl_discount,119,3,F,F,M,0,83287,N,58.56
3409,5,8,63,0,Auto,FreeLocal,Standard,77,4,F,M,M,2,30665.2,Y,22.88
3410,6,0,30,0,Auto,FreeLocal,Intnl_discount,37,3,F,F,M,1,83287,Y,49
3411,17,0,8,0,CH,FreeLocal,Intnl_discount,26,3,T,M,M,1,98680.4,Y,58.706667
3412,13,0,144,0,CC,Budget,Standard,158,2,F,F,M,2,65619.7,Y,52.646667
3413,10,0,93,0,CC,Budget,Standard,104,1,T,M,M,1,95620.3,Y,49.12
3414,22,0,151,0,Auto,FreeLocal,Intnl_discount,174,4,F,F,D,1,85275,N,62
3416,13,0,11,0,Auto,FreeLocal,Standard,25,1,F,F,M,1,98453.6,Y,48
3418,25,0,252,1,Auto,Budget,Standard,277,1,F,F,S,2,57420,Y,62
3419,3,3,26,1,CC,FreeLocal,Standard,34,1,T,M,M,0,66000,N,41
3423,22,0,103,1,CC,FreeLocal,Standard,126,4,T,F,S,0,39461,N,22.226667
3424,4,7,258,0,CC,Budget,Intnl_discount,270,4,F,M,M,1,47371,Y,54.96
3427,20,8,80,0,CH,Budget,Intnl_discount,109,1,T,M,S,1,16432.1,Y,20.92
3430,12,0,7,0,Auto,Budget,Intnl_discount,20,4,T,F,S,1,540.4,Y,39.213333
3432,8,0,22,0,CC,FreeLocal,Standard,31,3,F,F,M,2,80087.7,N,41.92
3438,1,0,29,0,CC,Budget,Standard,31,4,F,F,S,2,93559.1,N,57.62
3439,18,0,104,0,CC,Budget,Standard,123,2,T,F,S,2,3416.62,Y,22.76
3440,18,0,25,0,Auto,FreeLocal,Standard,44,3,F,F,S,1,93454.3,Y,48.533333
3451,17,0,27,0,CH,Budget,Standard,44,1,F,F,M,2,57483.9,N,44.026667
3456,8,9,77,0,CH,Budget,Standard,94,4,F,F,M,2,36725.1,N,55.793333
3460,20,0,19,0,CC,Budget,Standard,41,2,T,M,S,1,94188.3,N,57.546667
3466,17,0,106,0,Auto,FreeLocal,Standard,123,4,T,F,S,1,12374.9,Y,33.493333
3470,2,0,50,0,Auto,Budget,Standard,52,2,F,F,M,2,30998.8,N,40.96
3476,9,9,8,0,CC,FreeLocal,Intnl_discount,27,2,F,M,S,0,21416.5,N,35.653333
3481,0,0,0,0,Auto,Budget,Standard,0,4,F,F,M,2,38215.9,N,30.886667
3486,1,0,83,0,CC,FreeLocal,Intnl_discount,84,2,F,F,M,2,98003.7,Y,26.273333
3487,3,8,5,0,CC,Budget,Intnl_discount,16,1,T,M,S,0,89142.7,N,53.693333
3488,20,0,106,0,Auto,FreeLocal,Intnl_discount,127,1,F,F,S,0,74530.8,N,63.086667
3495,22,0,82,0,CC,Budget,Intnl_discount,104,2,F,F,M,2,76289.2,N,48.206667
3503,14,0,9,0,Auto,Budget,Intnl_discount,23,2,F,F,S,0,77726.4,N,56.72
3505,28,0,106,0,CC,Budget,Standard,134,1,T,F,S,1,2800.68,N,45.673333
3508,13,0,96,0,CC,FreeLocal,Standard,110,3,F,F,M,2,90271.6,N,44.926667
3512,21,0,6,0,CC,Budget,Standard,27,1,F,F,M,2,64816.6,Y,31.126667
3513,29,0,13,0,CC,FreeLocal,Standard,42,3,F,F,M,2,98217.1,N,44.98
3522,5,7,76,0,CH,FreeLocal,Intnl_discount,88,2,F,M,S,1,84978.1,N,21.64
3523,21,0,85,0,CC,Budget,Intnl_discount,107,1,T,F,M,2,36647.9,N,49.986667
3524,3,0,37,0,CH,Budget,Intnl_discount,40,1,T,F,S,0,64319.2,N,41.226667
3525,20,0,9,0,Auto,Budget,Intnl_discount,29,1,T,F,S,1,73338,N,48.246667
3526,3,0,40,0,CC,FreeLocal,Standard,44,4,T,F,S,0,433.74,N,60.746667
3527,18,0,8,0,CC,Budget,Standard,27,3,F,F,M,2,16962.2,N,45.36
3529,20,4,117,0,CH,Budget,Intnl_discount,142,1,F,M,M,2,10708.3,N,26.026667
3532,21,0,87,0,CC,Budget,Standard,109,3,T,F,M,0,2031.61,N,20.3
3535,13,0,8,0,CH,FreeLocal,Standard,22,1,F,F,S,2,16938.5,N,41
3538,0,0,15,0,CC,FreeLocal,Standard,15,4,F,F,M,0,55221,N,46
3539,28,0,60,0,Auto,FreeLocal,Standard,89,3,F,F,M,1,8073.11,N,70
3540,24,0,5,0,CH,Budget,Standard,29,3,F,M,M,1,95448.6,Y,53.68
3544,29,0,9,0,CC,Budget,Intnl_discount,38,2,F,M,S,2,72084.7,N,55.64
3545,13,0,40,0,CC,Budget,Standard,53,4,F,F,S,0,42760.5,N,61
3546,23,0,10,0,Auto,Budget,Intnl_discount,34,1,F,F,S,1,49072,N,55
3547,16,0,126,0,CC,FreeLocal,Standard,142,3,F,F,M,0,27371.8,Y,52
3550,16,0,114,0,CH,Budget,Standard,130,2,T,M,M,1,71472.9,N,41.913333
3551,7,0,6,0,CC,Budget,Standard,13,3,T,M,M,0,95405.7,N,46.506667
3552,21,0,87,0,CC,Budget,Standard,108,3,T,M,S,0,95786.8,Y,57.553333
3554,0,0,11,0,CC,FreeLocal,Intnl_discount,12,4,T,M,S,0,90321.6,N,55.113333
3555,18,0,136,0,CH,FreeLocal,Standard,154,1,T,M,S,1,90478.6,N,54.553333
3556,8,0,13,0,CH,Budget,Standard,21,1,F,F,M,2,56187,N,43
3559,23,0,206,0,CC,Budget,Intnl_discount,229,3,T,F,S,1,35089,N,24.393333
3565,12,0,46,4,CC,FreeLocal,Standard,58,4,F,M,M,2,53010.8,N,18.84
3566,26,0,32,0,CC,Budget,Intnl_discount,58,3,F,M,M,1,75004.5,N,64.8
3569,20,0,13,0,CC,Budget,Standard,34,3,F,M,M,0,19749.3,N,60.366667
3571,9,0,6,0,CC,Budget,Intnl_discount,15,2,F,M,S,0,20078,N,32.846667
3572,17,4,49,1,Auto,FreeLocal,Standard,72,4,F,F,M,2,47902,N,26.033333
3580,14,0,25,0,CC,Budget,Standard,40,3,T,F,S,1,13576.5,N,39.426667
3582,20,0,39,0,CH,Budget,Intnl_discount,59,3,F,F,M,2,42031.8,N,50.753333
3592,16,5,10,0,CC,Budget,Standard,32,4,T,M,S,1,92647.5,N,56.046667
3593,3,0,11,0,CC,Budget,Standard,14,2,T,F,S,2,21021.6,Y,62.753333
3596,27,0,58,0,Auto,Budget,Standard,86,1,T,F,S,2,28787.4,N,41.666667
3602,29,0,52,0,Auto,FreeLocal,Standard,82,2,F,F,M,2,62061.8,Y,45.92
3607,22,0,34,0,Auto,Budget,Standard,57,3,T,F,S,2,19131.1,N,56.186667
3611,22,0,27,0,CH,Budget,Standard,49,3,F,F,S,2,6440.46,Y,41
3613,6,0,58,0,CC,Budget,Standard,64,2,F,M,S,0,28766.9,N,46.84
3623,22,0,28,0,Auto,Budget,Standard,50,3,F,F,S,0,73228.3,N,43
3626,13,1,36,0,CH,FreeLocal,Standard,51,4,T,M,M,1,64792.3,N,52.146667
3631,27,0,23,0,CC,Budget,Standard,51,1,F,M,M,2,49910.7,Y,51.52
3632,11,0,25,0,CC,FreeLocal,Standard,37,4,T,M,M,1,76161.4,Y,44.573333
3640,10,0,57,0,CC,FreeLocal,Standard,67,4,F,M,M,2,57360.8,Y,53.253333
3641,29,0,10,0,CC,FreeLocal,Standard,40,4,T,M,M,0,92414.7,Y,45.513333
3643,11,0,95,0,Auto,Budget,Standard,107,1,T,F,S,2,14578.8,Y,60.933333
3644,0,0,22,0,CC,Budget,Standard,22,1,F,F,M,2,87578.2,Y,53.366667
3649,29,0,90,4,Auto,FreeLocal,Intnl_discount,119,3,F,F,M,0,77000,N,47
3653,5,8,63,0,Auto,FreeLocal,Standard,77,2,F,F,M,2,30665.2,Y,22.88
3654,6,0,30,0,Auto,FreeLocal,Intnl_discount,37,4,F,F,M,1,83287,Y,46
3656,13,0,144,0,CC,Budget,Standard,158,1,F,F,M,2,65619.7,Y,46
3660,13,0,11,0,Auto,FreeLocal,Standard,25,1,F,F,M,1,98453.6,Y,61
3662,25,0,252,1,Auto,Budget,Standard,277,3,F,F,S,2,57420,Y,52
3663,3,3,26,1,CC,FreeLocal,Standard,34,4,T,M,M,0,70000,N,42
3664,17,0,39,0,CC,Budget,Intnl_discount,57,3,F,F,M,2,47639.1,N,61
3671,20,8,80,0,CH,Budget,Intnl_discount,109,3,T,M,S,1,16432.1,Y,20.92
3672,4,0,91,1,CC,Budget,Standard,96,3,T,F,M,2,67388,N,53.12
3673,3,0,11,1,CC,Budget,Standard,15,2,T,F,M,2,84166.1,N,54.013333
3674,12,0,7,0,Auto,Budget,Intnl_discount,20,4,T,F,S,1,540.4,Y,39.213333
3678,28,0,113,0,CC,FreeLocal,Standard,141,2,T,F,S,2,11251.1,Y,43
3679,24,0,73,0,CH,FreeLocal,Standard,97,2,T,M,M,2,45429.7,Y,61.713333
3680,4,0,91,1,CC,Budget,Standard,96,3,T,M,M,1,67388,N,53.12
3681,3,0,11,1,CC,Budget,Standard,15,1,T,M,M,1,84166.1,N,54.013333
3682,1,0,29,0,CC,Budget,Standard,31,4,F,F,S,2,93559.1,N,57.62
3683,18,0,104,0,CC,Budget,Standard,123,3,T,F,S,2,3416.62,Y,22.76
3686,12,0,163,0,CC,Budget,Intnl_discount,175,2,T,M,M,2,59613.1,N,34.32
3687,24,0,73,0,CH,FreeLocal,Standard,97,3,T,M,M,2,45429.7,Y,61.713333
3688,4,0,91,1,CC,Budget,Standard,96,4,T,M,M,1,67388,N,53.12
3689,3,0,11,1,CC,Budget,Standard,15,1,T,M,M,0,84166.1,N,54.013333
3692,0,0,112,0,CC,Budget,Standard,113,1,F,F,M,2,11234.7,Y,49.046667
3694,19,0,118,0,Auto,FreeLocal,Standard,137,2,F,F,M,1,82931.3,N,64.64
3695,17,0,27,0,CH,Budget,Standard,44,4,F,F,M,2,57483.9,N,44.026667
3698,21,0,192,0,CC,FreeLocal,Standard,214,2,F,F,M,2,28267,N,30.093333
3706,12,0,163,0,CC,Budget,Intnl_discount,175,1,T,M,M,2,59613.1,N,34.32
3707,15,0,6,0,CC,Budget,Standard,22,1,F,F,M,2,91861,Y,41.98
3708,24,0,73,0,CH,FreeLocal,Standard,97,2,T,M,M,2,45429.7,Y,61.713333
3709,4,0,91,1,CC,Budget,Standard,96,3,T,M,M,1,67388,N,53.12
3710,17,0,106,0,Auto,FreeLocal,Standard,123,2,T,F,S,1,12374.9,Y,33.493333
3711,8,0,37,0,CH,FreeLocal,Standard,46,2,F,F,M,2,69133.9,Y,26.833333
3712,3,0,11,1,CC,Budget,Standard,15,1,T,M,M,0,84166.1,N,54.013333
3714,2,0,50,0,Auto,Budget,Standard,52,1,F,F,M,2,30998.8,N,40.96
3715,12,0,163,0,CC,Budget,Intnl_discount,200,2,T,M,M,2,59613.1,N,34.32
3717,4,0,91,1,CC,Budget,Standard,96,4,T,M,M,0,67388,N,53.12
3721,24,0,73,0,CH,FreeLocal,Standard,97,2,T,M,M,2,45429.7,Y,61.713333
3723,3,0,11,1,CC,Budget,Standard,15,1,T,M,M,1,84166.1,N,54.013333
3727,2,0,24,0,CH,Budget,Intnl_discount,27,4,F,F,M,2,49745.3,N,47.966667
3730,1,0,83,0,CC,FreeLocal,Intnl_discount,84,2,F,F,M,2,98003.7,Y,26.273333
3731,3,8,5,0,CC,Budget,Intnl_discount,16,4,T,M,S,0,89142.7,N,53.693333
3732,20,0,106,0,Auto,FreeLocal,Intnl_discount,127,4,F,F,S,0,74530.8,N,63.086667
3739,22,0,82,0,CC,Budget,Intnl_discount,104,2,F,F,M,2,76289.2,N,48.206667
3741,11,0,5,0,CC,Budget,Standard,17,1,T,M,M,1,66931.9,N,63.933333
3742,8,0,99,0,CC,FreeLocal,Standard,108,4,F,F,M,2,9309.57,Y,25.44
3752,13,0,96,0,CC,FreeLocal,Standard,110,3,F,F,M,2,90271.6,N,44.926667
3760,3,0,25,1,CC,Budget,Intnl_discount,29,1,T,F,S,0,15989.3,N,61.693333
3767,21,0,85,0,CC,Budget,Intnl_discount,107,2,F,F,M,2,36647.9,N,49.986667
3768,3,0,37,0,CH,Budget,Intnl_discount,40,1,T,F,S,0,64319.2,N,41.226667
3769,20,0,9,0,Auto,Budget,Intnl_discount,29,2,F,F,S,1,73338,N,48.246667
3770,3,0,40,0,CC,FreeLocal,Standard,44,3,T,F,S,0,433.74,N,60.746667
3773,20,4,117,0,CH,Budget,Intnl_discount,142,1,F,M,M,2,10708.3,N,26.026667
3779,13,0,8,0,CH,FreeLocal,Standard,22,2,F,F,S,2,16938.5,N,42
3782,0,0,15,0,CC,FreeLocal,Standard,15,1,F,F,M,0,55221,N,46
3783,28,0,60,0,Auto,FreeLocal,Standard,89,1,F,F,M,1,8073.11,N,47
3786,29,0,40,0,CC,Budget,Intnl_discount,70,3,F,M,S,2,63152.6,Y,63.173333
3788,29,0,9,0,CC,Budget,Intnl_discount,38,2,F,M,S,2,72084.7,N,55.64
3789,13,0,40,0,CC,Budget,Standard,53,1,F,F,S,0,42760.5,N,48
3790,23,0,10,0,Auto,Budget,Intnl_discount,34,1,F,F,S,1,49072,N,52.646667
3791,16,0,126,0,CC,FreeLocal,Standard,142,4,F,F,M,0,27371.8,Y,62
3798,0,0,11,0,Auto,FreeLocal,Intnl_discount,12,2,F,M,S,0,90321.6,N,28
3799,18,0,136,0,CC,FreeLocal,Standard,154,1,T,M,D,0,90478.6,N,54.553333
3800,8,0,13,0,CH,Budget,Standard,21,2,F,F,M,2,56187,N,43
3801,6,0,6,0,CC,Budget,Standard,13,2,F,M,M,1,28313.1,N,20.893333
3803,29,0,45,0,CH,FreeLocal,Standard,75,2,F,M,M,2,29616,N,49.426667
3805,24,0,22,0,CC,FreeLocal,Standard,47,1,F,M,M,0,19732.8,N,50.673333
3808,26,0,32,1,CC,Budget,Standard,59,1,F,M,S,2,96.33,N,56.473333
3821,0,0,28,0,CC,FreeLocal,Standard,29,4,T,F,S,0,78851.3,N,48.373333
3823,28,0,45,0,CH,Budget,Standard,74,4,T,F,M,0,83891.9,Y,61.02
3824,26,0,12,0,CC,FreeLocal,Standard,38,4,T,F,M,2,28220.8,N,38.766667
29,22,0,178,0,CC,Budget,Standard,200,3,T,M,M,1,7545.96,Y,16.753333
40,13,0,87,0,CC,FreeLocal,Standard,100,4,T,F,S,0,28589.1,N,15.6
96,22,8,16,0,CC,FreeLocal,Standard,47,3,T,F,M,0,38538.4,N,12.326667
205,27,5,16,0,CH,FreeLocal,Standard,49,4,F,F,M,0,28770.9,N,12.34
270,14,1,149,0,CC,FreeLocal,Intnl_discount,166,4,F,F,S,0,89813.6,N,12.846667
302,27,5,48,0,CC,FreeLocal,Intnl_discount,81,2,F,M,M,2,67339.8,N,17.006667
309,26,0,108,0,CC,Budget,Standard,134,4,T,F,S,0,41000,N,16.06
418,5,7,23,0,Auto,Budget,Standard,35,3,F,M,M,2,78554.2,N,16.7
419,29,0,66,0,Auto,FreeLocal,Standard,96,2,T,M,S,1,3960.5,N,14.693333
426,22,4,43,0,CC,Budget,Standard,69,3,F,F,M,2,88427,N,13.86
552,13,0,87,0,CC,FreeLocal,Standard,100,4,T,F,S,0,28589.1,N,15.6
608,22,8,16,0,CC,FreeLocal,Standard,47,3,T,F,M,0,38538.4,N,12.326667
656,2,0,17,1,Auto,Budget,Standard,19,2,F,M,M,1,5252.29,N,16.333333
714,9,0,47,0,CC,Budget,Intnl_discount,57,2,F,M,M,1,3933.74,N,17.86
717,27,5,16,0,CH,FreeLocal,Standard,49,3,T,F,M,0,28770.9,N,12.34
725,21,0,35,0,CC,Budget,Standard,57,4,T,F,S,0,30763.8,Y,14.193333
782,14,1,149,0,CC,FreeLocal,Intnl_discount,166,4,F,F,S,0,89813.6,N,12.846667
814,27,5,48,0,CC,FreeLocal,Intnl_discount,81,3,F,M,M,2,67339.8,N,17.006667
818,29,8,99,0,CH,FreeLocal,Standard,138,3,T,F,S,0,43382.3,N,16.073333
821,26,0,108,0,CC,Budget,Standard,134,3,T,F,D,1,13011.4,N,16.06
849,26,0,17,0,CC,FreeLocal,Standard,44,1,T,M,M,0,5745,Y,15.38
878,9,6,47,0,Auto,FreeLocal,Standard,63,2,F,M,M,1,20818.5,N,12.68
931,29,0,66,0,Auto,FreeLocal,Standard,96,2,T,M,S,1,3960.5,N,14.693333
938,22,4,43,0,CC,Budget,Standard,69,2,F,F,M,2,88427,N,13.86
1006,28,0,97,0,CC,FreeLocal,Standard,125,1,T,M,S,1,24141.5,Y,17.006667
1053,22,0,178,0,CC,Budget,Standard,200,2,T,M,M,1,7545.96,Y,16.753333
1079,12,0,311,0,CC,Budget,Standard,323,4,F,F,S,0,45612.9,N,14.3
1229,27,5,16,0,CH,FreeLocal,Standard,49,3,T,F,M,0,28770.9,N,12.34
1231,25,0,32,0,CC,FreeLocal,Standard,58,1,F,F,M,2,86695.4,N,13.906667
1237,21,0,35,0,CC,Budget,Standard,57,3,T,F,S,1,30763.8,Y,14.193333
1239,7,0,32,0,CC,FreeLocal,Intnl_discount,39,2,F,M,M,1,69680.9,N,15.846667
1297,4,6,18,0,CC,FreeLocal,Standard,29,2,T,F,S,1,27783.6,N,14.04
1326,27,5,48,0,CC,FreeLocal,Intnl_discount,81,3,F,M,M,2,67339.8,N,17.006667
1330,29,8,99,0,CH,FreeLocal,Standard,138,4,T,F,S,0,43382.3,N,16.073333
1361,26,0,17,0,CC,FreeLocal,Standard,44,3,T,M,M,0,5745,Y,15.38
1442,5,7,23,0,Auto,Budget,Standard,35,4,F,M,M,2,78554.2,N,16.7
1443,29,0,66,0,Auto,FreeLocal,Standard,96,4,T,M,S,1,3960.5,N,14.693333
1450,22,4,43,0,CC,Budget,Standard,69,3,F,F,M,2,88427,N,13.86
1518,28,0,97,0,CC,FreeLocal,Standard,125,1,T,M,S,1,24141.5,Y,17.006667
1545,2,0,28,0,CC,FreeLocal,Standard,31,2,F,M,S,1,41690.5,Y,14.64
1565,22,0,178,0,CC,Budget,Standard,200,2,T,M,M,1,7545.96,Y,16.753333
1576,13,0,87,0,CC,FreeLocal,Standard,100,2,T,F,S,0,28589.1,N,15.6
1591,12,0,311,0,CC,Budget,Standard,323,4,F,F,S,0,45612.9,N,14.3
1717,16,0,10,0,CC,FreeLocal,Intnl_discount,26,3,F,F,M,2,55860,Y,14.573333
1741,27,5,16,0,CH,FreeLocal,Standard,49,4,F,F,M,0,28770.9,N,12.34
1743,25,0,32,0,CC,FreeLocal,Standard,58,3,F,F,M,2,86695.4,N,13.906667
1749,21,0,35,0,CC,Budget,Standard,57,2,T,F,S,0,30763.8,Y,14.193333
1751,7,0,32,0,CC,FreeLocal,Intnl_discount,39,2,F,M,M,1,69680.9,N,15.846667
1806,14,1,149,0,CC,FreeLocal,Intnl_discount,166,4,F,F,S,0,89813.6,N,12.846667
1809,4,6,18,0,CC,FreeLocal,Standard,29,2,T,F,S,1,27783.6,N,14.04
1842,29,8,99,0,CH,FreeLocal,Standard,138,2,T,F,S,0,43382.3,N,16.073333
1845,26,0,108,0,CC,Budget,Standard,134,2,T,F,S,1,35089,N,16.06
1873,26,0,17,0,CC,FreeLocal,Standard,44,2,T,M,M,0,5745,Y,15.38
1902,9,6,47,0,Auto,FreeLocal,Standard,63,2,F,M,M,1,20818.5,N,12.68
1962,22,4,43,0,CC,Budget,Standard,69,3,F,F,M,2,88427,N,13.86
2106,2,0,17,1,Auto,Budget,Standard,19,2,F,M,M,1,5252.29,N,16.333333
2124,16,0,10,0,CC,FreeLocal,Intnl_discount,26,4,F,F,M,2,55860,Y,14.573333
2136,25,0,32,0,CC,FreeLocal,Standard,58,1,F,F,M,2,86695.4,N,13.906667
2176,26,0,17,0,CC,FreeLocal,Standard,44,2,T,M,M,0,5745,Y,15.38
2207,0,0,1,0,CH,FreeLocal,Standard,1,2,F,M,S,0,15924.2,N,14.46
2215,5,7,23,0,Auto,Budget,Standard,35,3,F,M,M,2,78554.2,N,16.7
2220,22,4,43,0,CC,Budget,Standard,69,3,F,F,M,2,88427,N,13.86
2276,28,0,97,0,CC,FreeLocal,Standard,125,1,T,M,S,1,24141.5,Y,17.006667
2308,22,0,178,0,CC,Budget,Standard,200,1,T,M,M,1,7545.96,Y,16.753333
2393,16,0,10,0,CC,FreeLocal,Intnl_discount,26,1,F,F,M,2,55860,Y,14.573333
2405,25,0,32,0,CC,FreeLocal,Standard,58,1,F,F,M,2,86695.4,N,13.906667
2429,14,1,149,0,CC,FreeLocal,Intnl_discount,166,4,F,F,S,0,89813.6,N,12.846667
2445,26,0,17,0,CC,FreeLocal,Standard,44,1,T,M,M,0,5745,Y,15.38
2484,5,7,23,0,Auto,Budget,Standard,35,2,F,M,S,0,78554.2,N,16.7
2489,22,4,43,0,CC,Budget,Standard,69,1,F,F,M,2,88427,N,13.86
2545,28,0,97,0,CC,FreeLocal,Standard,125,4,T,M,S,1,24141.5,Y,17.006667
2619,2,0,17,1,Auto,Budget,Standard,19,2,F,M,M,1,5252.29,N,16.333333
2637,16,0,10,0,CC,FreeLocal,Intnl_discount,26,2,F,F,M,2,55860,Y,14.573333
2673,14,1,149,0,CC,FreeLocal,Intnl_discount,166,4,F,F,S,0,89813.6,N,12.846667
2728,5,7,23,0,Auto,Budget,Standard,35,3,F,M,M,2,78554.2,N,16.7
2733,22,4,43,0,CC,Budget,Standard,69,2,F,F,M,2,88427,N,13.86
2789,28,0,97,0,CC,FreeLocal,Standard,125,3,T,M,S,1,24141.5,Y,17.006667
2841,22,0,178,0,CC,Budget,Standard,200,1,T,M,M,1,7545.96,Y,16.753333
2901,16,0,10,0,CC,FreeLocal,Intnl_discount,26,1,F,F,M,2,55860,Y,14.573333
2913,25,0,32,0,CC,FreeLocal,Standard,58,2,F,F,M,2,86695.4,N,13.906667
2937,14,1,149,0,CC,FreeLocal,Intnl_discount,166,4,F,F,S,0,89813.6,N,12.846667
2984,0,0,1,0,CH,FreeLocal,Standard,1,2,F,M,S,0,15924.2,N,14.46
2992,5,7,23,0,Auto,Budget,Standard,35,1,F,M,M,2,78554.2,N,16.7
2997,22,4,43,0,CC,Budget,Standard,69,4,F,F,M,2,88427,N,13.86
3053,28,0,97,0,CC,FreeLocal,Standard,125,3,T,M,S,1,24141.5,Y,17.006667
3085,22,0,178,0,CC,Budget,Standard,200,3,T,M,M,1,7545.96,Y,16.753333
3197,26,0,17,0,CC,FreeLocal,Standard,44,2,T,M,M,0,5745,Y,15.38
3228,0,0,1,0,CH,FreeLocal,Standard,1,2,F,M,S,0,15924.2,N,14.46
3236,5,7,23,0,Auto,Budget,Standard,35,4,F,M,M,2,78554.2,N,16.7
3241,22,4,43,0,CC,Budget,Standard,69,4,F,F,M,2,88427,N,13.86
3389,16,0,10,0,CC,FreeLocal,Intnl_discount,26,2,F,F,M,2,55860,Y,14.573333
3401,25,0,32,0,CC,FreeLocal,Standard,58,2,F,F,M,2,86695.4,N,13.906667
3485,22,4,43,0,CC,Budget,Standard,69,2,F,F,M,2,88427,N,13.86
3633,16,0,10,0,CC,FreeLocal,Intnl_discount,26,3,F,F,M,2,55860,Y,14.573333
3645,25,0,32,0,CC,FreeLocal,Standard,58,3,F,F,M,2,86695.4,N,13.906667
3724,5,7,23,0,Auto,Budget,Standard,35,2,F,M,S,1,78554.2,N,16.7
3785,28,0,97,0,CC,FreeLocal,Standard,125,4,T,M,S,1,24141.5,Y,17.006667
3806,2,0,28,0,CC,FreeLocal,Standard,31,2,F,M,S,1,41690.5,Y,14.64